country,1960,1961,1962,1963,1964,1965,1966,1967,1968,1969,1970,1971,1972,1973,1974,1975,1976,1977,1978,1979,1980,1981,1982,1983,1984,1985,1986,1987,1988,1989,1990,1991,1992,1993,1994,1995,1996,1997,1998,1999,2000,2001,2002,2003,2004,2005,2006,2007,2008,2009,2010,2011,2012,2013,2014,2015,2016,2017,2018,2019
Aruba,2.45,2.45,2.45,2.45,2.45,2.45,2.45,2.45,2.45,2.45,2.45,8.14,8.15,8.19,8.27,8.37,8.51,8.62,8.61,8.41,8.13,7.69,7.32,7.34,7.86,8.67,9.76,17.7,20.2,12.2,1.98,3.5,-0.188,0.625,2.19,-1.82,-1.55,6.08,5.59,-0.00318,2.68,-2.88,-5.08,-2.59,4.62,-0.779,-1.3,0.868,-4.84,-7.83,-6.42,8.2,,,,,,,,
Afghanistan,1.43,-1.28,-0.497,-0.429,-0.374,-0.124,-1.37,0.31,1.06,-0.883,-0.514,-7.16,-4.36,8.58,2.75,2.53,2.33,-9.24,5.21,-2.18,0.168,10.7,9.05,3.59,-1.83,-3.28,7.17,-17.3,-9.66,-2.41,-5.58,-0.572,-7.95,-13.9,-10.4,20.3,2.66,2.82,2.83,2.71,-1.05,-10.4,22.1,8.04,2.5,8.61,1.59,10.8,0.117,17.3,5.17,3.85,11.2,1.13,0.837,2.11,2.68,2.76,3.02,3.38
Angola,2.26,11.4,-4.36,3.38,9.36,5.71,4.04,4.04,-3.19,1.15,4.51,3.88,-1.97,5.68,0.714,-7.37,-7.63,-1.87,-7.87,-2.6,-0.471,-7.61,-3.52,0.52,2.44,0.316,0.332,4.31,3.02,-2.14,-3.17,-2.03,-8.83,-26.4,-1.86,11.6,16.6,2.7,-2.63,0.387,-0.0561,-0.171,10.7,-0.247,7.45,16.6,15,19.6,10.6,-0.464,0.594,1.03,2.13,1.03,2.24,2.46,2.77,0.262,3.46,3.55
Anguilla,2.45,2.45,2.45,2.45,2.45,2.45,2.45,2.45,2.45,2.45,2.45,-3.76,10.2,3.03,-1.05,2.76,1.19,-0.0349,7.31,9.46,4.79,3.62,-1.25,-0.425,3.09,8.62,10.4,7,9.44,5.3,0.935,-5.07,4.17,4.7,5.53,-4.37,0.541,8.79,8.53,2.05,-0.386,0.816,-3.19,0.796,19.5,6.57,16.6,10.2,-3.56,-20,-5.64,2.09,,,,,,,,
Albania,5.06,0.831,3.31,3.41,3.42,3.65,3.75,3.76,3.61,3.4,3.69,4,3.92,4.98,0.373,0.348,0.4,0.438,0.46,0.487,0.706,0.536,0.55,0.584,0.569,0.523,0.635,0.629,0.633,0.754,0.893,-28.9,-8.1,8.78,7.44,12.6,8.65,-10.6,12.3,9.58,6.79,6.69,2.86,5.45,5.36,4.96,5.27,5.41,6.84,2.91,2.98,2.49,2.28,1.72,2.61,3.82,4.72,5.03,5.03,5.23
Andorra,3.8,3.8,3.8,3.8,3.8,3.8,3.8,3.8,3.8,3.8,3.8,-0.603,2.76,2.63,0.87,-3.59,-0.531,-0.634,-1.92,-3.67,-2.1,-4.97,-4.05,-3.47,-2.81,-1.37,0.612,3.73,3.54,2.78,0.811,-1.47,-3.74,-5.65,-1.65,-0.114,3.09,8.59,3.3,4.01,0.401,10,3.58,4.17,4.18,4.21,2.37,-1.7,-5.6,-6.31,-4.78,-4.3,,,,,,,,
Netherlands Antilles,3.68,3.68,3.68,3.68,3.68,3.68,3.68,3.68,3.68,3.68,3.68,5.24,3.74,3.26,4.69,1.81,5.42,35.3,5.77,3.87,7.68,0.282,-2.71,-1.44,-2.74,-3.07,-6.49,0.12,0.459,6.84,0.813,1.31,2.89,4.52,5.7,2.16,2.35,2.58,-1.57,-0.676,-2.03,1.44,-0.039,0.643,0.0856,-0.267,0.621,1.54,0.714,-2.03,-1.32,-1.08,,,,,,,,
United Arab Emirates,8.57,8.57,8.57,8.57,8.57,8.57,8.57,8.57,8.57,8.57,8.57,-3.2,-4.05,53.1,145,12.4,-1.63,1.34,-14.5,11.3,14.7,-5.19,-14.4,-10.7,-1.6,-7.87,-23.5,0.348,-7.76,7.43,11.6,-4.93,-2.43,-5.88,2.44,1.15,-0.189,2.4,-4.38,-1.48,6.23,-1.89,-2.44,6.67,5.01,4.05,5.68,0.401,-0.799,-10.5,-1.65,2.13,1.32,1.71,1.32,1.15,1.02,1.06,1.16,1.07
Argentina,6.22,5.48,-3.18,-3.93,8.76,7.64,-0.829,1.22,2.87,7.08,3.85,2.13,0.37,2.02,3.7,-2.24,-1.58,4.86,-4.73,5.44,0.0163,-6.96,-4.5,2.67,0.681,-8.34,5.88,1.25,-3.22,-8.34,-3.22,9.29,8.54,4.66,4.77,-3.91,4.46,7.05,2.79,-4.45,-1.85,-5.47,-12,7.77,7.92,8.12,7.25,7.44,5.57,-0.276,7.94,7.65,0.761,3.09,-0.622,-0.128,0.367,0.861,0.861,0.861
Armenia,7.29,3.87,1.03,-3.74,11.4,4.39,3.67,3.31,4.81,0.45,6.69,1.65,-0.43,7.38,1.07,-1.5,2.85,0.584,0.76,-2.14,-1.53,-0.756,0.754,1.46,-0.516,-0.847,2.33,-0.417,0.453,0.135,-3.87,-13.3,-40.8,-4.66,8.96,8.9,6.08,3.45,7.65,3.35,6.08,10.1,15.6,14.4,10.9,14.3,13.1,13.6,6.69,-15,1.19,3.66,6.92,2.98,4.05,4.29,4.49,4.79,4.79,4.79
American Samoa,1.5,1.5,1.5,1.5,1.5,1.5,1.5,1.5,1.5,1.5,1.5,1.5,1.5,1.5,0.196,0.196,0.196,0.196,0.196,0.196,0.196,0.196,0.196,0.196,0.196,0.196,0.196,0.196,0.196,0.196,0.196,1.65,1.65,1.65,1.65,1.65,1.65,1.65,1.65,1.65,1.65,1.65,5.46,5.46,5.46,5.46,17.4,17.4,,,,,,,,,,,,
Antigua and Barbuda,2.45,2.45,2.45,2.45,2.45,2.45,2.45,2.45,2.45,2.45,2.45,4.8,4.72,6.09,1.7,-6.29,-8.91,8.21,4.99,12.6,8.35,6.33,1.55,8.03,8.85,9.54,10.7,11.3,10,7.54,3.23,1.54,-0.632,3.08,3.66,-6.63,3.9,2.34,1.82,1.69,-0.683,0.251,0.811,3.67,5.75,3.29,11.3,5.78,0.378,-11.7,-8.53,-2.96,2.79,0.468,1.62,1.9,2.2,2.2,2.2,2.2
Australia,1.88,-1.57,4.32,4.13,4.78,3.08,0.881,4.8,3.87,3.7,4,2.21,0.935,3.82,0.831,1.42,2.95,-0.0919,1.64,4,0.645,1.72,-1.84,-1.35,5.62,3.67,0.61,3.4,2.83,2.78,0.0774,-1.11,2.32,2.68,3.02,2.98,2.48,3.24,4.34,2.89,0.891,2.74,2.15,3.08,1.47,2.18,1.24,2.99,0.724,-0.16,1.44,1.06,1.78,1.17,1.41,1.49,1.73,1.7,1.71,1.77
Austria,7.72,4.73,1.8,3.4,5.3,2.21,4.89,2.27,3.9,5.92,6.75,4.64,5.59,4.31,3.77,-0.0976,4.76,4.64,-0.283,5.63,2.31,-0.3,1.77,3.1,0.316,2.17,2.23,1.54,2.88,3.84,3.27,2.33,1.11,-0.592,2.16,1.66,2.45,1.73,3.48,3.09,3.12,0.587,0.687,0.998,2.18,1.95,3.13,3.29,1,-4.09,1.75,2.29,0.336,0.131,1.27,1.31,1.2,1.03,1.03,0.991
Azerbaijan,7.43,3.87,1.03,-3.74,11.4,4.39,3.67,3.31,4.81,0.45,6.69,1.65,-0.43,7.38,1.42,-1.16,3.21,0.935,1.11,-1.8,-1.19,-0.409,1.11,1.81,-0.169,-0.501,2.68,-0.0696,0.804,0.485,-3.54,-2.17,-23.7,-24,-20.5,-12.5,0.798,5.43,9.73,7.19,10.8,9.58,10.2,10.7,11,23.6,32.8,23.4,9.36,7.86,3.79,-1.15,0.792,4.96,4.13,3.78,2.66,2.4,3.16,3.4
Burundi,-0.342,-16,6.58,2.51,3.29,1.06,1.94,6.58,-3.14,-2.98,24.5,5.63,-9.09,6.9,-2.34,-1.23,5.78,9.85,-3.51,-2.71,3.42,6.41,-2.59,0.66,-2.42,9.31,1.83,1.62,1.09,-0.846,1.15,2.55,-2.29,-2.95,-4.54,-13.3,-8.74,0.0579,2.29,-3.86,-2.56,-0.733,1.34,-4.32,1.08,-2.71,3.32,2.73,2.59,1.04,1.35,1.75,1.58,2.02,2.28,2.34,2.54,2.73,2.93,2.89
Belgium,4.15,4.33,4.55,3.68,6.08,2.62,2.53,3.37,3.79,6.4,5.92,3.38,4.86,5.8,3.89,-1.6,5.48,0.515,2.76,2.26,4.38,-1.3,1.37,-0.00397,2.48,0.976,1.46,2.27,4.57,3.03,2.71,1.48,1.11,-1.35,2.85,2.06,0.923,3.13,1.7,3.23,3.47,0.507,1.31,0.822,2.81,1.51,2.03,2.17,0.206,-3.56,1.6,0.297,-0.984,-0.351,0.955,0.781,0.654,0.723,0.764,0.857
Benin,0.814,0.949,-5.65,2.19,4.32,2.68,1.19,-1.51,1.25,0.383,-0.535,-2.12,5.94,-0.362,-10,1.47,1.44,2.69,0.277,4.96,6.56,2.81,7.68,-7.1,4.78,4.29,-0.932,-4.61,-0.241,-5.28,0.616,1.39,0.809,-1.12,-0.797,0.696,2.17,2.56,1.53,1.67,2.73,1.97,2.97,0.959,0.222,0.0626,0.616,1.52,1.96,-0.276,-0.323,0.686,2.55,2.87,2.79,2.59,2.27,2.35,2.42,2.5
Burkina Faso,1.87,3.46,5.51,-1.93,1.55,2.98,-0.425,7.72,2,0.823,-0.94,2.74,2.75,-6.56,-3.3,-5.74,-2.55,4.79,9.17,-1.32,-0.765,1.89,-0.315,-3.61,-0.968,10.2,12.6,-4.54,5.02,-4.22,-4.06,6.58,-0.676,-3.85,-1.89,1.24,4.42,1.84,3.41,3.17,-0.803,2.85,0.745,4.13,1.51,3.93,3.17,1.06,2.71,-0.0594,4.71,1.1,5.69,4.88,3.57,4.61,4.64,4.66,4.13,4.76
Bangladesh,3.51,3.55,-2.44,7.97,-0.943,3.27,-0.724,-4.17,7.07,-0.706,2.41,-6.88,-13.8,-1.64,10,-3.29,2.2,-2.13,4.12,1.66,-2.14,0.443,-1.4,2.36,3.02,0.809,2.27,2.18,0.94,0.581,4.6,1.46,3.4,3,2.46,3.25,2.89,3.57,3.33,2.93,3.94,3.24,2.35,3.13,4.22,3.81,5.2,5.12,4.85,4.79,5.21,5.38,4.87,4.67,4.93,5.41,5.66,5.9,5.9,5.9
Bulgaria,8.5,5.5,7.27,3.73,7,5.26,7.15,4.71,1.12,4.07,5,2.69,4.25,3.41,2.45,7.7,2.59,-1.43,2.09,3.75,-3.22,2.36,2.97,-2.09,3.1,-3.18,2.47,0.0412,-0.738,-1.88,-9.96,-7.13,-6.08,1.03,2.88,4.12,-8.35,-4.49,5.23,3.32,6.41,5.18,5.95,5.31,7.6,7.24,7.06,6.99,6.66,-4.94,1.18,4.31,1.21,1.47,2.11,3.02,3.52,3.52,3.52,3.52
Bahrain,1.68,1.37,1.67,2.17,2.63,3.27,3.45,3.63,3.48,3.56,3.9,5.14,5.41,4.24,4.52,-14.3,9.97,3.04,-0.658,-4.37,3.94,-1.71,2.35,2.88,0.329,-4.01,-1.33,-1.38,0.255,-0.751,-3.1,1.6,4.9,5.41,-2.82,1.33,1.73,0.948,2.67,2.32,3.27,2.79,3.42,5.48,3.94,6.14,4.56,6.26,4.22,-22.6,-1.65,0.0996,1.37,2.82,2.64,1.23,1.24,1.45,1.51,1.46
Bahamas,8.08,5.25,4.95,5.05,5.2,5.4,4.36,5.12,4.32,5.28,-8.46,-0.985,-5.6,5.46,-18.3,-16.5,3.04,6.85,11.8,23.4,4.21,-4.97,4.02,4.55,0.291,2.08,0.709,1.88,0.499,0.53,-3.37,-5.96,-5.67,-1.61,1.23,2.52,2.46,3.25,5.16,2.49,0.466,-0.564,0.933,-0.29,0.0122,1.2,1.27,0.236,-3.46,-5.94,-0.928,0.506,0.707,0.75,1.17,1.64,1.69,1.36,1.33,1.17
Bosnia and Herzegovina,5.33,3.47,0.875,9.34,8.56,1.7,4.38,0.839,1.25,10.3,4.01,10.6,2.52,2.47,11.9,-0.879,2.12,6.28,4.6,5.96,4.21,1.17,0.0852,0.295,1.97,0.281,3.58,-1.58,-1.84,-1.7,-7.64,-12.1,-24.6,-25.6,7.32,8.17,58.5,36.7,10.2,5.6,3.39,2.57,2.35,1.31,3.6,2.99,5.95,6.2,5.73,-2.74,0.908,1.44,-1.05,1.36,2.18,3.41,3.94,4.26,4.2,4.24
Belarus,7.46,3.87,1.03,-3.74,11.4,4.39,3.67,3.31,4.81,0.45,6.69,1.65,-0.43,7.38,3.06,0.439,4.88,2.56,2.74,-0.217,0.407,1.2,2.73,3.45,1.44,1.1,4.34,1.54,2.43,2.1,-1.98,-1.68,-10.1,-8.08,-11.9,-10.5,2.75,11.4,8.5,3.52,5.96,4.87,5.15,6.94,11.5,9.41,10.4,8.92,12.3,0.311,7.96,6.07,1.9,0.911,2.09,3.01,3.26,3.19,3.27,3.3
Belize,0.766,1.33,1.21,1.3,1.58,1.87,2.02,2.42,5.09,3.14,3.08,2.47,8.88,4.12,12,1.78,-2.12,3.92,5.07,4.63,12.1,-1.34,-2.85,-4.06,-1.19,-1.5,2,8.17,6.44,11,7.23,8.77,9.1,3.08,-2.55,-2.23,-0.785,-0.0183,0.0148,6.38,9.24,1.89,1.96,5.94,1.35,-0.144,2.26,-3.46,1.39,-1.53,1.2,0.245,2.32,-0.141,0.744,0.744,0.744,0.744,0.744,0.744
Bermuda,5.57,2.15,2,-1.26,8.38,2.25,12.3,11.1,0.179,1.52,4.38,2.39,0.823,0.474,-0.0181,2.9,5.12,0.786,1.58,7.35,1.89,-6.05,1.44,-0.122,-3.47,5.99,3.03,3.34,-0.26,-0.656,-4.15,0.967,-4.67,4.16,0.0796,6.45,2.41,3.38,2.93,2.99,2.59,-0.385,5.9,2.5,3.12,4.22,5.3,2.65,0.692,-5.02,-2.13,0.342,,,,,,,,
Bolivia,1.97,-0.203,3.19,4,2.41,2.49,4.72,3.76,5.95,1.97,2.68,1.29,2.54,4.26,2.6,4.04,5.21,1.67,0.87,-2.32,-3,-0.97,-6.01,-6.05,-0.677,-2.38,-4.9,0.701,1.72,0.657,2.76,2.93,-0.689,1.8,2.46,2.43,2.2,2.85,3.11,-1.52,0.507,-0.134,0.682,1.1,2.26,2.53,2.62,2.43,4.03,1.34,2.14,3.17,3.21,4.81,3.14,3.04,3.04,3.04,3.04,3.04
Brazil,6.37,5.59,3.81,-2.29,0.514,-0.487,3.81,1.31,6.91,6.61,7.02,8.86,9.46,11.5,5.67,2.69,7.78,2.45,2.49,4.28,7.1,-6.49,-1.37,-5.1,3.27,5.76,5.46,1.59,-1.92,1.38,-8.06,-0.548,-2.08,3.42,4.39,2.79,1.26,1.89,-1.22,-0.529,3.03,-0.416,1.35,-0.256,4.33,1.59,2.87,5.06,4.21,-1.21,6.6,1.84,0.22,1.37,0.952,1.81,2.19,2.36,2.59,2.79
Barbados,5.07,7.37,8.63,-5.5,4.55,11,3.7,10.4,6.66,7.19,9.07,1.05,0.402,1.39,12.8,-2.53,3.92,3.53,4.72,7.49,4.19,-2.56,-5.69,-0.451,2.56,0.133,4.15,1.64,2.59,2.74,-3.95,-4.74,-7.75,0.296,3.55,2.14,2.67,4.09,5.76,0.0588,1.84,-2.99,0.0747,1.62,3.3,3.73,5.47,1.41,0.128,-4.33,-0.0153,0.311,-0.24,-0.948,-1.46,0.64,1.36,1.52,2.08,2.08
Brunei,1.57,1.57,1.57,1.57,1.57,1.57,1.57,1.57,1.57,1.57,1.57,5.53,5.61,5.22,7.26,-3.63,15.5,6.74,2.95,18.3,-10,-22.3,0.955,-2.29,-2.17,-4.21,-5.42,-0.856,-1.75,-3.84,-0.128,1.14,-3.85,-2.25,-0.936,0.354,0.936,1.52,-2.95,0.61,0.438,0.359,1.48,0.568,-1.73,-1.8,2.68,-1.33,-3.25,-3.08,0.821,0.668,-0.675,-2.73,3.76,1.39,2.07,3.85,3.98,1.87
Bhutan,1.01,1.01,1.01,1.01,1.01,1.01,1.01,1.01,1.01,1.01,1.01,-0.913,-2.49,-2.27,1.29,-6.78,5.13,4.18,3.57,1.49,1.92,8.48,-0.199,5.58,3.59,2.82,10.6,26.9,2.76,5.21,10.3,1.27,5.51,4.46,8.06,7.8,6,4.29,3.69,5.05,4.73,4.24,6.9,4.62,4.1,4.17,4.41,15.6,2.76,4.89,9.79,6.7,5.77,4.74,6.14,7.34,7.97,8.4,11.3,7.8
Botswana,0.966,1.91,1.26,1.63,1.91,1.53,8.18,8.55,8.6,7.96,7.62,15.4,27.9,17.4,15.8,-5.85,12.9,-1.73,13.2,4.89,9.43,5.28,3.46,11.6,7.3,3.77,4.13,5.37,12.2,9.48,2.75,1.73,-0.131,-1.18,0.476,1.68,3.13,4.41,3.98,4.74,7.34,4.31,4.36,3.52,2.91,2.85,4.29,3.47,1.76,-5.87,5.76,3.85,2.96,2.72,2.88,3.17,2.86,2.81,2.77,2.57
Central African Republic,-0.935,1.89,-4.45,-2.2,-0.371,-1.34,-2.68,1.79,-1.22,2.9,2.12,-5.21,-4.28,2.48,-4.92,-0.708,1.67,5.4,-0.844,-8.07,-3.52,-1.12,-0.833,-8.5,3.8,-1.87,-0.499,-4.77,-0.841,0.839,0.758,-3.4,-9.04,-2.69,3.59,2.92,-9.42,5.36,1.61,1.48,-0.182,-1.14,-1.97,-9.06,-0.109,0.588,2.72,2.56,0.0531,-1.9,0.533,0.781,2.11,-37.3,-0.489,3.27,3.67,3.67,3.77,3.67
Canada,0.879,0.917,5.03,3.12,4.53,4.74,4.52,1.21,3.62,3.77,1.16,4.24,4.06,5.86,2.65,0.785,4.09,2.15,3.01,3.13,0.0344,1.83,-4.21,1.88,4.72,4.43,1.59,2.72,3.52,0.608,-1.24,-3.27,-0.561,0.94,3.59,1.55,0.376,3.13,3.05,4.42,4.15,0.376,2.33,0.919,2.12,2.13,1.61,1,-0.067,-3.98,1.95,1.48,0.541,0.837,1.18,1.34,1.35,1.26,1.13,1.07
Switzerland,4.94,5.15,1.95,2.67,3.5,2.21,1.54,1.92,2.42,4.27,5.44,2.82,2.26,2.42,1.16,-6.46,-0.312,2.71,0.152,2.2,4.04,0.943,-2.09,-0.00291,2.58,2.88,1.02,0.0273,2.28,3.42,2.64,-2.03,-1.04,-1.12,0.266,-0.218,0.187,1.73,2.81,0.939,3.11,0.531,-0.256,-0.863,1.99,1.88,3.14,3.15,1.03,-4.36,1.92,0.851,-0.0307,1.35,1.53,1.61,1.4,1.41,1.19,1.14
Chile,5.65,2.25,2.27,3.9,-0.0215,-1.32,8.9,1.23,1.62,1.81,0.21,6.99,-3.02,-7.27,-0.828,-14.4,1.73,8.12,6.61,6.67,6.28,4.44,-15.1,-4.46,4.17,0.383,3.93,4.84,5.47,8.69,1.88,6.15,10.4,5.33,6.25,6.84,5.92,5.18,1.9,-1.98,3.26,2.2,1.06,2.82,5.12,5.26,4.76,4.16,2.04,-1.85,4.75,4.96,4.51,3.31,2.73,3.15,3.44,3.71,3.72,3.72
China,-6.45,-36.6,2.53,13,13.2,9.18,8.02,-12.2,-6.19,10.4,16.9,4.06,-3.04,6.88,0.13,4.4,-2.29,2.26,13.3,5.06,2.16,3.34,7.79,5.47,19.4,7.9,3.92,3.89,-2.48,-6.86,3.81,4.76,7.42,10.9,7.64,11.5,2.4,5.24,-1.74,4.08,4.83,6.22,10.2,7.59,9.64,9.48,11.8,10.7,1.68,6.96,6.82,5.07,7.12,7.14,7.01,6.75,6.44,6.23,6.1,5.99
Cote d'Ivoire,5.51,9.53,-3.67,9.36,14.1,-6.73,6.41,-0.963,9.26,2.19,4.13,4.83,-0.252,1.31,-0.289,3.42,7.85,2.5,5.94,-2.15,-14.9,-0.983,-4.07,-7.9,-6.61,0.469,-0.546,-3.86,-2.35,8.13,-4.52,-3.25,-3.86,-3.56,-0.964,3.97,3.83,2.94,2.57,-0.343,-4.66,-1.73,-3.31,-2.92,-0.345,0.0912,-0.978,-0.141,0.483,1.85,0.972,-6.69,6.56,4.93,5,4.51,4.52,4.23,3.77,2.65
Cameroon,1.16,-0.411,1.38,1.97,1.79,0.201,2.77,0.839,4.47,2.86,0.924,0.828,2.1,-0.761,2.09,2.69,-0.727,2.53,2.29,2.39,6.49,13.4,4.93,3.97,4.61,5.59,3.87,-7.85,-7.35,-11.6,-4.48,-6.53,-5.78,-5.82,-5.08,0.681,2.38,2.54,2.48,1.97,1.85,2.98,4.14,1.73,1.51,-0.106,0.411,0.039,0.805,-0.906,0.8,1.56,2.03,2.1,2.21,2.49,2.66,2.74,2.82,2.78
"Congo, Dem. Rep.",6.78,-12.4,10.8,-0.457,-1.8,-4.28,3.46,-4.1,3.19,4.81,-3.01,4.83,-2.19,5.1,3.14,-12.5,-9.38,-3.65,-8.1,-3.19,-0.484,0.0527,-3.13,-1.36,2.71,-2.38,1.71,-0.33,-2.51,-4.59,-9.88,-11,-14.1,-17,-7.41,-2.54,-3.78,-7.6,-3.82,-6.36,-9.14,-4.72,0.508,2.65,3.47,4.67,2.6,3.31,3.26,−90µ,4.33,4.09,4.04,5.32,5.52,5.38,4.8,4.14,3.39,2.49
"Congo, Rep.",1.17,15.3,-4.07,-7.13,0.722,1.98,3.42,9.5,6.8,8.12,9.44,5.79,0.992,13.8,-3.81,-3.8,1.7,-10,3,8.09,9.44,17.7,20,2.55,4.14,-3.95,-9.47,-2.56,-0.995,-0.973,-1.7,-0.318,-0.0858,-3.58,-8.01,1.18,1.42,-3.4,0.86,-5.2,4.82,1.3,2.18,-1.48,1.15,4.98,3.45,-4.29,3.01,4.63,5.99,2.02,0.887,2.27,5.79,3.51,5.89,8.61,2.5,0.455
Cook Is,2.62,2.62,2.62,2.62,2.62,2.62,2.62,2.62,2.62,2.62,2.62,-11.4,-10.6,-0.0586,0.713,0.702,1.64,2.73,0.51,32.4,32.9,42.1,30.6,-0.977,11.4,5.16,4.03,-1.27,2.18,4.72,7.81,6.59,5.17,3.17,3.68,-3.88,1.12,-0.197,2.01,5.8,17.3,7.92,5.42,11.1,7.04,2.82,3.63,-1.22,-4.28,-4.23,-0.437,2.76,,,,,,,,
Colombia,0.732,1.86,2,0.0568,2.93,0.941,2.58,0.781,3.43,3.65,4.05,3.62,5.45,4.62,4.16,0.858,3.3,2.96,7.32,4.1,2.73,1.02,-0.606,0.199,1.46,1.42,4.09,3.9,2.93,1.95,3.05,0.363,2.31,3.68,3.16,3.26,0.154,1.57,-1.24,-5.97,1.21,-0.201,0.301,2.26,3.31,3.71,5.43,5.63,2.33,0.459,2.75,5.39,2.99,3.04,3.26,3.25,3.3,3.27,3.27,3.31
Comoros,6.12,-1.24,6.53,18.4,5.07,-2.56,8.34,8.04,-2.32,-4.66,0.0766,1.95,-0.0557,4.8,0.273,3.25,-3.28,-0.0703,-1.11,5.23,3.38,0.233,2.87,1.55,1.03,-0.607,-0.87,-0.962,0.157,-4.01,-1.56,-0.647,1,0.544,-7.56,1.08,-3.79,1.59,-1.43,-0.701,-1.22,0.628,1.41,-0.233,-2.89,1.46,-1.45,-2.18,-1.7,-0.855,-0.584,-0.375,0.843,1.39,1.82,1.83,1.83,1.86,1.86,1.86
Cape Verde,4.38,3.37,2.83,2.44,2.09,1.87,1.74,1.54,1.45,1.39,1.35,-8.5,-5.33,-1.37,-3.23,2.54,-0.843,-0.491,9.43,9.72,35.2,7.51,1.35,7.85,2.15,6.93,1.17,5.18,1.33,3.61,2.12,-1.34,-1.34,-1.34,4.95,6.25,5.21,6.38,6.08,7.43,5.65,5.03,4.1,3.8,3.54,5.14,8.5,7.09,4.72,2.29,3.76,3.6,0.214,-0.699,1.79,2.27,2.8,2.76,2.74,2.78
Costa Rica,4.52,0.259,2.29,4.81,1.47,5.57,4.22,2.77,4.44,3.58,3.64,3.61,5.88,4.87,2.58,-0.77,2.5,5.83,2.12,1.84,-0.986,-4.67,-9.54,-0.107,4.77,-2.07,2.44,1.89,0.685,3.01,1.03,-0.235,4.67,3.48,2.09,0.111,-1.08,3.6,6.43,7.48,0.458,-0.596,1.26,4.86,2.51,4.33,6.59,5.77,0.691,-2.89,6.02,3.01,3.77,1.24,1.53,1.83,2.02,2.22,2.22,2.22
Cuba,-0.724,-0.0896,-0.18,-0.721,-1.09,-1.05,3.16,9.57,-7.46,-2.84,-5.12,6.21,2.9,7.13,3.52,3.45,1.43,3.35,5.14,1.7,-1.86,7.67,1.5,1.87,2.58,0.844,-0.757,-1.55,0.89,-0.67,-1.13,-12.4,-14.4,-16.5,1.47,2.9,8.24,2.92,0.875,6.28,5.01,2.52,1.13,2.52,5.81,7.7,12,7.23,4.13,1.49,2.43,2.75,3.1,,,,,,,
Cayman Islands,4.48,4.48,4.48,4.48,4.48,4.48,4.48,4.48,4.48,4.48,4.48,-1.07,2.76,8.02,3.56,3.47,3.43,3.44,3.68,4.29,5,5.79,6.38,9.7,3.94,-0.444,3.17,4.19,8.62,3.54,7.85,-3.25,-1.45,0.287,0.788,0.312,0.483,1.03,1.51,-0.526,-2.47,-2.5,-1.03,-0.468,-1.31,4.37,1.79,1.34,-1.56,-8.59,-4.15,0.178,,,,,,,,
Cyprus,3.94,3.94,3.94,3.94,3.94,3.94,3.94,3.94,3.94,3.94,3.94,12.7,6.99,2.9,-2,-16.1,19,15.8,7.2,9.09,4.8,1.76,5.11,3.96,7.36,3.47,2.61,5.89,7.14,6.53,5.2,-1.92,6.55,-1.75,3.61,7.94,0.241,0.892,3.73,3.7,3.95,2.84,0.911,0.352,1.87,1.08,2.22,2.59,0.922,-4.52,-1.19,-2.06,-3.51,-7.04,-5.77,-0.184,0.861,1.4,1.34,1.09
Czech Republic,6.87,3.04,0.763,-2.53,3.92,2.98,3.76,3.9,4.33,2.11,1.77,2.97,3,2.67,2.86,2.16,0.836,3.78,0.554,0.231,2.28,-0.871,1.68,1.26,2.11,0.573,1.67,0.311,2.05,0.678,-2.91,-11.6,-0.553,0.0276,2.21,6,4.16,-0.55,-0.554,1.54,3.81,2.57,1.97,3.65,4.51,6.4,6.7,5.36,2.17,-5.29,2.11,1.67,-1.2,-0.973,1.71,1.86,2,2.17,2.33,2.37
Germany,7.37,3.21,3.4,1.99,5.21,4.12,2.2,0.0967,4.98,5.84,3.82,2.19,3.65,4.23,0.807,-0.186,5.34,3.06,2.93,4,0.863,0.245,-0.77,2.06,3.17,2.41,2.17,1.5,2.92,2.46,-3.8,4.52,1.45,-1.46,2.3,1.59,0.702,1.66,1.81,1.95,3.07,1.13,-0.0852,-0.276,1.03,0.778,4.01,3.52,0.977,-4.79,4.17,3.07,0.651,0.194,1.55,1.45,1.39,1.39,1.33,1.33
Djibouti,3.51,0.657,-1.38,0.875,-0.908,-0.193,0.397,-0.193,-0.678,-0.229,18.8,3.51,0.404,1.61,-4.81,-0.7,4.3,-16.7,-3.9,-2.13,-1.55,0.743,0.154,-2,9.68,-2.4,-2.37,-2.34,-4.76,-5.92,-3.63,-1.95,-2.52,-6.12,-3.24,-4.97,-6.09,-1.66,-1.02,1.35,-0.372,0.276,0.474,1.22,0.574,1.1,1.91,2.22,2.92,2.17,0.669,1.62,1.99,2.14,3.1,3.55,3.6,3.6,3.11,2.92
Dominica,1.13,1.13,1.13,1.13,1.13,1.13,1.13,1.13,1.13,1.13,1.13,6.37,6.71,7.61,5.47,1.8,5.29,0.87,9.91,-19.6,13.3,11.7,4.29,3.28,6.28,2.11,8,8.64,9.66,0.34,5.91,0.386,4.13,-0.333,1.32,1.91,3.52,2.55,3.26,0.748,0.761,-3.63,-3.87,2.29,6.57,3.71,3.74,4.01,7.87,-0.723,0.791,1.99,-1.14,0.761,1.67,1.72,1.99,2.21,2.41,1.85
Denmark,2.16,5.82,4.82,-0.0288,8.65,3.87,2.02,2.62,3.64,6,1.37,2.09,4.82,3.14,-1.26,-0.815,6.35,1.44,1.3,3.43,-0.431,-0.73,3.23,2.73,4.58,4.38,3.64,0.3,1.25,0.336,1.18,1.17,1.77,-0.285,5.32,2.67,2.39,2.91,1.93,2.36,3.37,0.499,0.233,0.158,1.89,2.85,3.09,1.22,-1.3,-6.28,1.15,0.634,-0.714,0.235,1.14,1.33,1.34,1.36,1.43,1.44
Dominican Republic,1.48,-5.45,13.2,3.07,3.28,-15.2,9.94,0.234,-2.79,7.72,7.49,7.56,9.37,9.16,3.06,2.17,4.12,2.35,-0.0991,1.85,3.6,1.73,-0.522,2.09,-1.91,-4.62,0.808,5.26,-1.4,10.4,-6.64,-1.14,4.45,0.272,2.59,2.77,5.41,6.53,5.57,6.29,7.27,2.02,2.83,1.25,4.71,6.91,8.72,6.55,3.39,1.62,5.84,2.63,2.06,2.26,2.62,2.27,2.27,2.17,2.17,2.17
Algeria,4.75,-13.8,-20.4,23.4,2.16,3.53,-7.73,5.74,8.4,6.48,6.83,-11.1,17.5,0.285,3.01,3.89,3.42,5.77,9.42,5.75,-1.26,-0.656,3.08,1.89,2.27,2.02,-3.79,-3.31,-4.67,0.771,-3.91,-3.49,-0.752,-4.44,-3.07,1.71,1.94,-0.558,3.5,1.68,0.995,1.13,2.55,5.46,3.84,3.8,0.188,1.85,0.472,0.179,2.06,0.857,1.16,1.61,2.18,2.1,2.36,2.5,2.63,2.68
Ecuador,3.49,-0.423,2.27,-0.441,3.91,6.42,-0.394,2.19,2.43,2.38,3.89,2.69,3.09,9.23,2.82,2.26,6.57,3.34,3.96,2.5,1.72,1.26,-1.6,-4.68,1.35,1.53,0.298,-8.66,7.88,-2.37,0.233,2.92,0.871,0.0488,2.27,0.929,-0.0619,1.34,-1.49,-8.86,-15.8,3.49,-0.675,2.39,6.77,3.52,2.88,0.688,4.79,-0.454,1.74,6.39,3.41,2.56,2.52,1.9,1.94,1.97,2,2.04
Egypt,2.34,3.98,4.2,4.3,4.12,4.03,-1.76,-3.42,-0.476,4.83,4.41,2.31,0.066,0.813,1.71,7.92,13.1,9.99,4.36,4.66,7.23,0.304,7.08,4.47,2.92,3.4,-0.43,0.181,1.83,0.693,-0.196,-5.61,1.1,-0.534,1.78,2.43,2.74,3.22,3.44,3.85,3.27,1.47,1.21,1.26,2.19,2.63,4.9,3.74,4.88,2.36,2.74,-0.376,-0.387,0.096,0.251,2.05,2.04,1.92,2,2
Eritrea,3.15,1.7,1.45,1.71,1.15,4.01,2.61,4.12,2.87,1.18,-3.89,1.71,1.41,-0.588,-2.42,-6.62,-1.74,-1.69,-7.11,8.87,0.298,0.142,-1.84,4.54,-5.42,-14.2,6.23,10.3,-2.62,-3.67,-0.759,10.4,10.8,13,20.7,1.45,7.39,5.47,-0.896,-3.06,-15.5,4.54,-1.27,-6.76,-2.69,-1.35,-4.34,-1.89,-12.6,0.733,-0.898,5.38,3.6,-1.9,-0.957,-1.32,-1.25,-1.26,-0.0543,0.28
Spain,0.695,11.9,10.6,9.26,8.76,5.48,6.25,5.42,4.76,7.94,4.76,4.74,7.26,7.92,6.37,2.42,3.03,2.72,2.15,0.5,1.48,-0.182,1.17,1.99,0.983,1.58,2.84,5.22,5,4.85,4.09,2.26,0.705,-1.23,2.22,2.61,2.27,3.73,4.35,4.46,5.04,3.47,2.53,2.94,3.1,3.46,2.49,1.62,-0.7,-4.45,-0.632,0.303,-1.71,-0.888,1.09,1.19,1.37,1.42,1.47,1.53
Estonia,7.53,3.87,1.03,-3.74,11.4,4.39,3.67,3.31,4.81,0.45,6.69,1.65,-0.43,7.38,2.49,-0.115,4.3,2,2.17,-0.767,-0.147,0.638,2.17,2.88,0.881,0.546,3.76,0.982,1.86,1.54,-2.52,-9.44,-12.4,-6.21,0.00192,6.02,5.87,11.6,6.13,0.706,8.57,7.17,7.98,5.83,9.03,10.9,10.3,7.67,-4.05,-14,3.35,8.28,7.61,1.46,-1.21,3.25,3.53,3.64,3.72,3.79
Ethiopia,3.15,1.7,1.45,1.71,1.15,4.01,2.61,4.12,2.87,1.18,-3.89,1.71,1.41,-0.588,-2.42,-6.62,-1.74,-1.69,-7.11,8.87,0.298,0.142,-1.84,4.54,-5.42,-14.2,6.23,10.3,-2.62,-3.67,-0.759,-10.3,-11.8,9.26,-0.253,2.73,9,0.122,-6.2,2.2,3.08,5.22,-1.38,-4.93,10.4,8.73,7.83,8.48,7.87,5.96,9.63,8.41,6,7.16,4.95,5.17,4.71,4.71,4.92,4.4
Finland,8.29,6.86,2.42,2.57,4.47,4.97,2.02,1.56,1.84,9.7,7.88,1.96,6.99,6.1,2.49,0.704,-0.725,-0.0341,1.8,6.68,5.01,1.43,2.67,2.09,2.47,2.94,2.05,3.8,4.59,5.33,-0.468,-6.9,-4.33,-1.71,3.5,3.07,3.48,5.9,5.4,3.64,4.85,2.4,1.36,1.58,3.5,2.76,3.99,4.87,-0.193,-8.97,2.87,2.28,-1.47,-1.83,-0.106,0.648,1.13,1.26,1.39,1.39
Fiji,2.5,0.0515,0.0929,2.82,1.58,-5.5,-2.6,10.7,5.55,0.438,10.4,4.67,5.28,9.35,0.569,-1.41,0.848,4.03,0.0406,10.1,-3.7,3.8,-8.38,-6.34,6.11,-6.09,6.77,-6.98,0.848,7.25,1.96,1.96,1.96,1.22,3.7,1.28,3.72,-3.1,0.463,7.96,-2.42,1.29,2.52,0.366,4.65,0.0724,0.961,-1.7,0.209,-2.08,-0.597,1.36,1.19,2.53,1.77,1.8,1.78,1.82,1.85,1.88
France,6.5,4.32,4.72,3.47,5.34,3.71,4.24,3.77,3.38,6.04,4.69,3.7,3.41,4.49,2.31,-0.868,3.71,2.63,2.78,2.96,1.16,0.758,2.17,1.58,1.05,1.48,1.89,1.76,4.04,2.82,2.03,0.694,1.18,-1.63,1.56,1.75,0.627,1.76,3.01,2.71,3.42,1.21,0.206,0.019,1.57,0.468,1.74,1.64,-0.629,-3.66,1.18,1.17,-0.472,-0.173,0.57,1.07,1.25,1.36,1.46,1.46
"Micronesia, Fed. Sts.",1.97,1.97,1.97,1.97,1.97,1.97,1.97,1.97,1.97,1.97,1.97,1.21,0.739,34,15,-0.986,-1.58,-0.241,2.37,-1.26,-10.3,6.09,-5.79,-1.11,-6.83,13.4,5.3,-0.3,3.73,-1.54,1.74,4.74,1.33,5.51,-2.52,5.59,-3.81,-6.21,3.21,1.79,4.93,1.99,0.776,1.99,-3.01,2.52,0.32,-1.51,-2,1.46,2.89,2.24,0.27,0.796,0.758,0.694,0.687,0.666,0.622,0.544
Gabon,7.18,13.5,13.5,13.5,13.5,13.5,-5.3,19.3,5.53,11.2,20.5,23.5,5.9,34.1,118,-1.35,19,-5.6,8.65,7.43,12.4,-1.06,-10.8,7.1,-4.51,-10.6,-21.9,-10.6,-8.57,30.9,-3.2,4.36,-7.6,-3.75,4.45,-0.166,8.31,-18.4,-15.4,8.34,21,-7.59,-3.25,7.39,11.6,34,-0.785,-0.322,17.9,-9.74,22.8,-9.1,4.02,4.36,4.23,4.83,5.28,4.66,4.66,4.37
Guernsey,3.2,3.2,3.2,3.2,3.2,3.2,3.2,3.2,3.2,3.2,3.2,3.2,2.08,2.08,2.08,2.08,2.08,3.3,3.3,3.3,3.3,3.3,5.92,5.92,5.92,5.92,5.92,2.38,2.38,2.38,2.38,2.38,2.13,2.13,2.13,2.13,2.13,3.71,3.71,3.71,3.71,3.71,1.3,1.3,1.3,1.3,1.3,,,,,,,,,,,,,
Isle of Man,4.92,2.45,0.0984,3.2,4.58,1.92,1.37,1.66,3.59,1.36,2.04,1.62,3.22,6.48,-1.38,-0.0996,2.26,2.22,3.59,2.65,-1.79,-1.42,1.63,3.47,2.35,2.57,20,8.29,10.2,5.28,2.66,0.119,-0.176,1.59,3.01,3.28,6.69,7.6,12.5,12.7,4.38,4.42,4.9,5.36,4.24,4.93,3.93,6.11,,,,,,,,,,,,
United Kingdom,4.49,1.49,0.162,3.65,4.77,1.56,1.38,1.88,3.72,1.62,1.93,1.56,3.34,6.96,-1.34,-0.604,2.65,2.42,3.25,2.57,-2.24,-1.37,2.21,3.58,2.5,3.33,3.77,4.34,4.83,2,0.496,-1.74,-0.107,1.99,4.01,2.76,2.64,3.16,3.55,3.29,4.1,2.75,2.3,3.12,2.46,1.42,2.02,2.78,-1.77,-4.98,1.13,0.225,-0.409,1.15,2.2,1.79,1.65,1.57,1.75,1.78
Georgia,7.36,3.87,1.03,-3.74,11.4,4.39,6.29,5.14,3.45,3.82,11.1,1.56,1.94,5.58,7.94,6.58,5.37,6.22,6.76,6.67,3.83,4.48,1.21,3.46,4.51,3.98,-9.1,0.224,4.63,-7.61,-14.6,-20.4,-44.1,-27.9,-8.58,4.51,13,12,4.34,4.04,3.01,6.02,6.67,12.3,6.96,10.7,7.4,12.5,2.61,-3.85,5.03,6.39,5.51,3.55,5.31,5.32,5.33,5.31,5.33,5.77
Ghana,4.49,0.73,1.97,0.615,-0.72,-1.51,-2.77,-1.14,-1.53,2.75,9.44,2.88,-5.24,2.55,4.02,-14.5,-5.4,0.568,6.71,-4.37,-1.92,-6.27,-9.95,-7.86,4.96,1.74,2.12,1.9,2.82,2.3,0.529,2.36,0.962,1.92,0.466,1.32,2,1.71,2.25,2,1.76,2.05,2.28,2.69,2.81,3.64,2.05,3.92,5.86,2.2,4.14,12.5,5.22,2.82,2.16,2.76,5.43,4.78,4.09,1.25
Guinea,2.39,4.71,5.49,-7.1,4.55,4.87,0.208,1.18,1.06,0.955,1.46,1.06,0.0264,2.3,4.86,2.08,7.55,0.139,0.531,-1.9,1.28,-1.54,-0.342,-1,-1.83,-3.06,-0.793,0.54,3.27,1.41,-1.09,-4.43,-0.392,1.92,0.697,1.26,1.56,3.7,3.19,1.42,-0.364,3.1,1.16,-1.19,0.332,0.91,0.415,-0.393,2.61,-2.71,-0.55,1.37,1.28,0.0462,1.93,2.42,2.58,2.63,14.6,14.8
Guadeloupe,2.08,2.08,2.08,2.08,2.08,2.08,2.08,2.08,2.08,2.08,2.08,2.08,2.08,2.08,-0.612,-0.612,-0.612,-0.612,-0.612,-0.612,-0.612,-0.612,-0.612,-0.612,-0.612,-0.612,-0.612,-0.612,-0.612,-0.612,-0.612,6.05,6.05,6.05,6.05,6.05,6.05,6.05,6.05,6.05,6.05,6.05,4.33,-2.54,8.9,5.01,,,,,,,,,,,,,,
Gambia,3.5,13,-4.22,-2.46,3.37,7.42,12.9,0.18,-1.83,7.24,-12.8,7.93,3.79,1.25,16,-9.25,8.03,1.61,-8.18,12.6,-12.8,-4,9.14,-14.9,-5.96,-11.6,1.68,1.68,6.57,3.06,0.31,-1.66,0.442,2.07,-0.104,-7,2.33,1.22,-0.014,2.88,2.18,2.45,-6.16,3.48,4.01,2.12,-1.72,0.759,2.84,3.56,3.65,-6.87,2.45,3.49,4.48,4.12,2.69,2.67,2.68,2.68
Guinea-Bissau,2.99,4.44,3.92,1.96,8.24,5.03,4.51,4.03,1.35,3.13,2.89,-4.4,6,-0.152,3.46,1.39,-2.5,-8.71,11.2,0.229,-17.8,15.5,3.63,-10.2,1.72,3.09,-3.03,-3.77,1.57,-1.86,0.855,2.61,-1.86,-1.04,0.242,1.96,2.47,3.11,-29.8,5.63,7,-2,-7.06,-2.56,0.203,1.23,0.102,1.12,1.12,0.889,1.35,3.17,-3.52,-1.76,0.89,1.73,1.93,1.96,1.99,2.15
Equatorial Guinea,8.63,8.05,9.97,13.5,13.7,12.3,2.88,5.34,2.21,-4.21,-4.02,-9.39,-13.8,4.12,5.91,14.7,12.2,0.461,7.82,-2.01,-4.18,-3.56,-0.865,-3.29,-6.38,6.07,-6.94,0.543,-0.517,-4.13,-5.28,-4.28,30.3,7.31,12.8,13.7,61.2,142,19.8,21.7,14.5,58.2,15.7,10.5,33.9,6.53,-1.67,9.94,9.13,-10.6,-4.04,2.09,0.371,-7.49,-5.06,-10.7,-1.76,-7.96,-10.1,-11.7
Greece,3.62,8.01,3.29,9.92,7.98,9.04,5.48,4.39,6.52,9.66,7.87,6.81,11.9,3.6,-3.85,5.21,5.11,2.01,5.47,2.56,0.904,-0.694,-0.046,-0.00478,2.42,2.89,1.48,-0.548,4.52,3.5,-0.805,2.03,0.118,-2,1.69,1.98,2.29,3.56,3.32,3.43,4.4,4.4,3.85,4.98,4.48,3.79,5.29,3.3,-1.8,-3.43,-5.22,-7.36,-6.98,-3.33,0.802,3.02,3.81,3.59,3.45,2.85
Grenada,2.3,2.3,2.3,2.3,2.3,2.3,2.3,2.3,2.3,2.3,2.3,7.29,7.76,9.08,6.95,3.79,10.2,7.18,9.49,2.97,-0.311,-0.095,0.266,-1.45,2.66,4.63,9.57,10.2,3.8,7.18,6.09,3.73,0.677,-1.98,2.55,2.42,2.41,4.03,13.1,7.56,6.36,-3.87,0.546,5.93,-6.61,10.3,-4.28,5.78,0.603,-7,-0.724,0.474,-2.12,1.19,0.803,0.893,1.39,1.69,2.09,2.19
Greenland,6.15,6.15,6.15,6.15,6.15,6.15,6.15,6.15,6.15,6.15,6.15,10.7,4.44,5.49,4.75,-0.0175,5.56,8.67,5.94,4.67,8.16,-0.15,-5.47,2.13,-6.4,2.38,5.89,4.4,4.63,5.88,-12.2,-0.386,-5.16,-4.95,6.03,3.75,1.45,1.28,7.49,1.07,6.76,0.919,-1.36,-0.806,2.19,1.46,6.41,2.32,2.32,1.44,1.2,2.56,2.56,,,,,,,
Guatemala,-0.508,1.35,0.633,6.47,1.71,2.57,3.73,2.31,6.89,2.88,3.77,3.54,5.23,4.65,4.23,-0.121,5.21,5.6,2.85,2.61,1.67,-1.69,-6.35,-4.82,-2.17,-3.36,-2.69,0.604,0.906,0.931,0.0938,0.687,1.85,0.984,1.08,2,0.107,1.24,2.26,1.05,0.914,-0.26,-0.281,-0.363,0.359,0.8,2.8,3.72,0.776,-1.92,0.405,1.61,0.452,0.976,0.976,0.976,0.976,0.976,0.976,0.976
French Guiana,4.51,4.51,4.51,4.51,4.51,4.51,4.51,4.51,4.51,4.51,4.51,4.51,4.51,4.51,-0.00174,-0.00174,-0.00174,-0.00174,-0.00174,-0.00174,-0.00174,-0.00174,-0.00174,-0.00174,-0.00174,-0.00174,-0.00174,-0.00174,-0.00174,-0.00174,-0.00174,1.5,1.5,1.5,1.5,1.5,1.5,1.5,1.5,1.5,1.5,1.5,4.41,-5.92,-5.2,3.69,,,,,,,,,,,,,,
Guyana,-2.75,1.8,-1.52,-14.4,8.73,8.02,2.89,2.08,-0.967,5.17,2.81,2.06,-4.01,0.712,7.15,7.82,0.769,-3.47,-2.64,-2.52,1.28,1.3,-13.2,-6.59,-4.67,2.91,-0.269,1.66,-2.96,-4.36,-2.69,6.03,7.58,7.8,8.13,4.77,7.88,6.38,-1.49,3.16,-1.31,2.18,0.878,-1.22,3.12,-2.01,4.77,6.7,1.57,3.11,4.06,5.12,3.94,4.8,4.28,3.67,4.56,4.03,3.94,2.95
"Hong Kong, China",3.54,3.51,12.6,11.8,5.98,11.5,0.826,-0.839,1.16,9.53,6.56,4.79,8.45,9.77,-0.203,-1.41,13.1,10.1,6.55,5.59,7.22,6.66,1.17,4.09,8.89,-0.642,9.37,11.7,7.18,1.96,2.92,4.46,5.17,4.47,3.17,1.25,1.59,3.38,-5.67,2.56,9.18,-0.355,1.15,2.49,7.88,6.82,6,5.94,1.75,-2.91,5.95,3.96,0.623,2,2.8,2.89,2.99,2.97,3.03,3.06
Honduras,2.77,-0.841,2.14,0.0892,1.46,4.8,2.11,1.95,2.22,-2.74,-0.197,0.401,0.0494,1.14,10.4,-0.767,6.85,6.95,6.25,1.17,-3.1,-1.48,-5.04,-3.98,0.393,0.789,-2.65,2.38,1.66,0.629,-2.83,-0.194,2.75,3.99,-4.75,0.709,0.677,2.12,0.253,-4.41,2.15,-0.00124,0.196,0.974,2.54,1.76,4.39,4.02,2.1,-4.42,1.61,1.59,1.78,0.503,0.934,1.03,1.13,0.934,0.934,0.934
Croatia,5.33,3.47,0.875,9.34,8.56,1.7,4.38,0.839,1.25,10.3,4.01,10.6,2.52,2.47,11.9,-0.879,2.12,6.28,4.6,5.96,4.21,1.17,0.0852,0.295,1.97,0.281,3.58,-1.58,-1.84,-1.7,-7.64,-21.6,-12.5,-8.86,5.21,6.62,6.25,7.61,3.55,0.0401,3.45,4.61,5.04,3.89,3.4,5.93,4.98,5.16,2.13,-6.84,-2.03,0.316,-1.87,-1,-0.618,0.4,1.3,1.94,2.1,2
Haiti,4.33,-6.01,7.33,-8.47,-4.35,-1.05,-2.7,-4.11,1.76,1.08,2.49,5.39,2.56,3.51,5.34,-3.16,7.67,-0.355,3.92,6.37,6.81,-4.25,-5.08,-1.13,-1.7,-1.85,-2.2,-2.84,-1.34,-1.04,-2.07,-1.53,-15.2,-3.97,-9.9,3.16,2.28,0.925,0.382,0.846,-1.01,-3.03,-2.56,-1.61,-5.58,-0.445,0.592,1.66,-0.805,1.21,-4.76,3.93,1.46,2.84,2.57,2.6,2.64,2.67,2.71,2.73
Hungary,4.74,4.58,3.82,5.19,5.29,0.49,5.37,5.33,0.821,2.6,-0.676,4.18,1.86,4.87,2.15,1.56,-0.243,5.79,2.08,-0.0364,0.887,0.699,3.66,-0.878,2.82,-2.28,2.18,1.72,3.18,-1.82,-6.43,-11.8,-2.91,-0.387,3.11,1.66,1.54,4.86,5.18,4.5,5.58,4.36,4.64,4.46,5.06,4.44,4.1,0.235,0.954,-6.56,1.42,1.94,-1.13,1.66,2.19,1.94,1.89,1.91,1.94,1.94
Indonesia,2.26,2.97,-1.22,-6.01,1.42,-0.858,-1.07,-3.98,8.51,10.1,8.3,3.71,8.57,12,1.43,-2.62,6.93,5.18,2.56,2.66,6.4,3.81,-5.67,1.09,4.94,0.659,4.36,3.43,4.21,7.34,7.26,3.76,9.49,5.71,6.15,6.63,6.14,3.06,-14.8,-1.11,3.35,2.67,3.1,3.84,3.74,4.46,4.02,4.85,4.52,3.16,4.73,4.99,4.77,4.29,3.88,4.31,4.51,4.51,4.51,4.51
India,5.04,0.688,-0.0361,2.75,5.42,-6.15,-1.13,5.9,0.209,4.46,2.75,-1.36,-2.62,2.32,-1.14,6.39,-0.889,5.32,3.09,-7.27,4.81,4.08,0.896,5.82,1.61,1.79,2.09,2.13,8.13,4.44,3.06,-0.45,3.26,4,5.32,5.41,5.89,2.9,4.61,4.2,2.54,3.94,1.76,6.67,6.74,6.36,8.01,7.64,5.61,3.61,9.68,6.28,3.35,3,4.05,4.97,5.1,5.26,5.35,5.38
Ireland,6.04,5.28,2.83,4,3.41,1.32,0.574,5.34,7.8,5.54,1.81,2.49,4.87,3.06,2.56,3.89,-0.188,6.75,5.83,1.41,2.08,2.05,1.21,-0.924,3.61,2.77,-0.442,4.68,5.53,6.31,8.62,1.28,2.56,2.1,5.25,9.08,7.59,10.7,6.55,9.07,8.18,4.89,5.39,3.27,3.16,4.83,2.94,2,-4.49,-6.46,-1.23,0.985,-0.0723,-4.32,1.08,1.85,1.61,1.61,1.61,1.61
Iran,6.77,5.58,-0.786,8.02,4.32,9.19,6.99,8.25,12,9.98,7.69,9.47,13.3,5.78,5.98,2.01,14,-4.14,-14.5,-11.7,-17.4,-6.89,11.2,8.98,-2.02,-1.23,-12.5,-4.38,-7.97,1.14,6.25,6.93,4.05,1.78,2.24,2.24,4.53,3.75,0.681,0.924,4.12,2.71,3.96,5.89,5.89,3.82,4.54,5.2,-0.68,2.5,4.28,1.92,-6.83,-2.91,0.215,1.05,1,1.03,1.04,1.05
Iraq,8.4,8.26,1.89,-4.81,8.46,5.55,1.85,-5.52,13.9,0,-3.63,3.15,-5.45,17.7,10.1,10.8,13.4,-2.8,14.2,26.7,-0.522,-18.8,-5.82,-14.9,-0.951,0.531,3.33,17.8,1.2,-12.3,-2.57,-67.5,20.5,45,-10.8,-21.8,43.9,19.2,30.6,18,-1.25,-0.38,-11.2,-36.8,54.3,0.52,6.23,-1.06,3.72,2.17,3.16,4.34,6.89,0.996,2.65,3.54,5.03,5.75,6.27,6.14
Iceland,1.24,-1.67,6.43,8.42,8.13,5.45,7.08,-2.78,-6.59,1.75,6.9,11.8,4.42,5.52,4.23,-0.45,5.1,8.12,5.06,3.89,4.57,3.06,0.641,-3.31,3.18,2.61,5.4,7.23,-1.81,-0.446,0.211,-0.153,-4.51,-0.452,3.64,-0.39,4.59,3.83,4.26,2.69,3.49,2.38,-2.1,2.48,7.33,3.94,2.06,4.06,0.219,-7.47,-5.05,1.84,1.04,2.14,2.3,2.64,2.48,2.42,1.87,1.86
Israel,3.59,7.14,5.42,6.2,5.78,6.02,-1.31,0.508,13.1,9.8,4.89,7.54,8.8,1.76,3.94,1.22,-0.754,-2.07,2.65,3.85,4.46,3.4,0.29,1.72,-1.07,1.68,3.21,5.52,0.378,-0.805,2.62,0.276,2.9,0.836,6.03,4.38,2.48,1.22,1.04,1.04,7.04,-2,-2.11,0.845,3.8,3.99,3.44,3.62,1.87,-1.07,2.72,2.35,1.13,1.11,1.01,1.19,1.15,1.26,1.2,1.24
Italy,6.23,6.91,5.41,4.77,2.14,2.15,5.46,5.46,6.7,5.43,4.56,1.28,2.76,7.05,3.66,-3.34,6.54,1.67,4.04,5.94,3.12,0.993,1.07,1.09,4.87,3.13,2.21,3.94,5.66,4.3,1.87,0.9,1.19,-0.851,2.96,5.38,0.917,3.25,2.98,2.83,3.95,2.28,0.678,-0.459,0.172,-0.493,1.7,1.03,-1.97,-6.16,1.23,-0.1,-2.42,-2.33,0.166,0.685,0.817,0.747,0.578,0.578
Jamaica,4.41,1.83,0.744,1.27,5.33,5.71,1.93,1.57,3.33,5.98,10.6,-1.18,1.43,7.07,-5.37,-1.63,-7.31,-3.17,-0.334,-3.01,-6.43,1.31,-0.431,1.96,-1.13,-4.85,1.46,7.55,2.72,6.5,5.01,-0.152,1.64,0.575,0.673,0.359,-2.77,-2.66,-1.54,-1.19,0.0752,0.776,0.0997,1.39,0.0197,0.543,2.3,0.944,-1.23,-3.47,-1.83,1.1,-0.993,-0.0228,0.753,1.18,1.57,1.9,2.12,2.17
Jordan,1.87,15.2,-2.44,1.13,12.5,6.8,-1.45,-2.5,-12.6,3.71,-13.6,-1.24,-0.447,1.42,4.92,3.07,19.9,2.78,16.8,5.41,14.3,0.503,3.12,-1.87,4.62,-0.256,5.21,-0.771,-4.3,-13.6,-7.57,-8.09,9.84,2.7,2.46,3.36,-1.7,-0.637,-0.57,0.0488,1.05,2.14,2.73,1.28,5.68,4.34,5.64,5.85,4.9,3.18,0.0852,0.286,0.346,0.932,1.18,1.67,2.15,2.15,2.15,2.15
Japan,5.21,2.94,0.431,-0.214,0.502,1.62,2.34,1.37,-2.19,-0.363,2.1,0.217,0.166,1.58,2.27,1.23,1.64,2.15,-1.06,-5.53,4.45,-0.717,-36.6,1.62,3.25,3.78,2.27,3.65,5.74,4.41,4.72,3.01,0.661,-0.0248,0.819,1.74,3.19,1.52,-3.17,-0.341,2.7,0.0331,0.124,1.64,2.3,1.84,1.63,2.09,-1.1,-5.52,4.66,-0.451,1.67,1.75,1.57,1.23,0.976,1.34,1.4,1.55
Kazakhstan,7.53,3.87,1.03,-3.74,11.4,4.39,3.67,3.31,4.81,0.45,6.69,1.65,-0.43,7.38,1.02,-1.54,2.81,0.536,0.712,-2.19,-1.58,-0.802,0.707,1.41,-0.563,-0.894,2.28,-0.464,0.406,0.0882,-3.92,-11.6,-5.51,-8.7,-11.1,-6.44,1.67,3.09,-0.372,3.81,10.2,13.3,9.62,9.08,9.04,9.7,9.65,7.64,2.04,-0.133,5.51,5.39,3.52,4.44,4.17,4.63,4.17,4,3.92,3.89
Kenya,5.03,-6.5,4.93,1.08,2.63,1.54,8.33,0.884,-3.26,2.9,-8.32,2.8,1.33,1.45,1.13,-3.98,0.237,5.18,4.98,-0.0844,1.66,-0.118,-0.196,-2.42,-1.99,0.47,3.32,2.18,2.51,1.13,0.738,-1.91,-3.97,-2.76,-0.439,1.43,1.32,-2.34,0.74,-0.462,-2.05,1.79,-2.03,0.234,2.39,3.2,3.63,4.3,-1.03,0.114,3.02,1.63,1.77,2.77,3.47,3.55,3.63,3.7,3.79,3.85
Kyrgyz Republic,1.93,1.93,1.93,1.93,1.93,1.93,1.93,1.93,1.93,1.93,1.93,1.93,1.93,1.93,-0.2,-0.2,-0.2,-0.2,-0.2,-0.2,-0.2,-0.2,-0.2,-0.2,-0.2,-0.2,-0.2,-0.2,-0.2,-0.2,-0.2,-9.27,-14.7,-15.4,-20,-6.36,5.56,8.36,0.666,2.26,4.22,4.22,-1.17,5.42,5.69,-1.46,1.95,7.69,6.38,1.57,-1.55,4.95,-1.88,9.44,3.39,3.9,3.93,4.05,4.12,4.2
Cambodia,3.19,-3.58,5.24,4.61,-5.31,2,1.8,2.42,1.86,-1.07,-1.06,-6.33,-6.44,-19.4,-5.19,-0.498,1.81,-12.5,2.76,-11.2,-5.78,-2.09,-3.71,-0.154,-0.0417,-0.437,0.596,16.2,7.96,3.21,-2.92,6,3.85,-8.39,5.26,6.5,-5.66,4.8,0.0085,10.8,5.13,6.56,8.87,6.67,7.6,11.1,8.15,8.98,4.95,-1.56,5.04,6.02,6.23,5.96,6.18,6.25,6.23,6.47,6.39,6.42
Kiribati,2.87,2.87,2.87,2.87,2.87,2.87,2.87,2.87,2.87,2.87,2.87,-4.45,9.89,18.7,42.6,3.23,-28.4,-6.83,-1.4,-13.8,-45.9,-5.95,7.3,-12.2,4.81,-7.28,-1.4,-5.92,14.9,-10.9,-0.131,-6.04,1.65,2.14,3.57,-2.31,4.57,3.94,9.19,-1.52,7.64,-1.06,-1.23,2.16,1.36,-1.86,-6.05,5.85,1.2,-2.15,-2,1.18,0.794,0.882,0.686,-0.0392,-0.0393,-0.0392,-0.0392,-0.0392
St. Kitts and Nevis,1.2,1.2,1.2,1.2,1.2,1.2,1.2,1.2,1.2,1.2,1.2,7.35,5.19,4.06,5.49,2.74,6.46,6.77,7.99,9.87,8.82,1.65,-1.1,-0.481,11,7.11,12.6,9.7,9.96,8.18,2.31,-0.124,2.34,5.11,3.75,2.14,5.12,5.58,-0.367,2.29,2.96,0.654,-0.219,-0.809,6.26,3.44,2.6,2.79,1.87,-6.09,-1.92,-3.77,-2.8,-0.294,0.726,0.945,1.18,1.1,1.04,1.04
South Korea,-3.19,1.63,-1.9,10.1,5.49,2.33,10.1,3.51,9.15,12.4,7.01,13.3,13.7,20.5,10.4,11.8,12.3,7.55,8.21,2.43,-11,5.28,6.25,10.8,8.75,5.39,14.7,13.7,12.5,7.49,9.83,10.1,6.5,7.81,10.1,9.84,5.16,4.23,-4.43,8.29,5.83,3.37,7.65,3.08,4.09,2.76,3.34,4.49,-1.59,0.411,6.14,1.07,1.58,2.33,3.26,3.35,3.33,3.37,3.31,3.32
Kosovo,,,,,,,,,,,,,,,,,,,,,,,,,,,,,,,,-29,-29.9,-29.2,-4.85,4.59,6.65,6.49,-8.68,-22.3,6.79,27.9,3.6,-4.19,0.554,4.56,3.04,5.08,5.2,2.79,3.81,5.32,2,,,,,,,
Kuwait,-2.55,-9.38,1.27,-4.21,-0.112,-7,2.2,-6.82,-0.485,-6,46.4,0.767,-2.07,-11.9,-17.8,-17.2,0.0242,-9.63,0.744,6.86,-24.9,-22.5,-15.6,3.23,0.646,-9.52,3.8,-8.09,-0.793,3.12,-23.2,32.5,19.4,28.3,3.71,-3.25,-7.43,-3.17,-5.57,-5.37,1.07,-3.15,-0.396,12.7,6.86,6.32,1.04,-0.763,1.22,-8.22,-5.02,3.42,3.31,-1.91,-0.223,0.163,0.212,1.04,1.05,1.07
Lao,0.921,0.963,0.939,0.915,1,0.919,1,0.968,0.984,0.993,0.999,1,1,0.969,0.904,0.838,2.64,2.04,1.83,2.46,2.32,1.73,0.852,0.626,0.713,0.832,0.23,0.225,0.245,0.234,0.221,0.182,2.39,7.05,3.26,2.44,-0.183,2.61,0.449,5.09,3.11,3.1,3.26,3.22,3.83,4.54,7,6.21,6.16,5.92,6.58,6.54,5.85,6.18,5.47,5.8,5.98,5.67,5.47,5.51
Lebanon,0.0784,3.92,1.23,-1.75,3.26,6.98,3.83,-7.4,9.44,-0.572,4,6.45,9.36,1.8,0.281,-31.3,-58.4,70.5,1.6,12.1,5.06,-0.123,-37.1,19.9,43.7,24.1,-6.41,16.1,-28.2,-42.6,30.3,42.1,-14.2,2.93,4.78,4.87,1.87,9.76,12.7,6.21,5.25,11.1,12.2,9.92,16.4,10.4,1.26,8.4,7.21,7.6,5.63,0.197,0.534,0.0391,0.0391,1.52,3.01,3.01,3.01,3.01
Liberia,0.509,-0.295,-1.41,-0.372,2.23,1.59,4.63,3.6,1.67,4.2,3.55,2.21,0.763,0.975,0.48,-6.63,1.82,-1.89,2.75,1.66,-9.21,-7.1,-1.73,-6.48,-3.01,-3.44,-1.62,2.19,3.9,4.24,-50.3,-12.8,-33.9,-32.2,-22.1,-6.76,6.57,92.6,20.5,15.2,16.5,-0.344,1.71,-31.9,0.765,2.33,9.04,3.5,2.7,2.77,3.01,4.72,5.56,5.23,4.26,5.98,5.2,5.13,5.01,4.87
Libya,25.6,6.84,29,31.1,37.2,24.4,14.7,8.22,29.5,8.76,1.78,-8.59,-14.6,-3.58,-18.5,3.53,19.8,7.23,1.64,9.26,-2.94,-21.6,-6.44,-4.15,-10.6,-9.22,-8.41,-4.83,-1.3,-1.21,-3.55,-7.6,-5.75,-6.06,-2.72,-0.82,3.59,4.6,-4.96,-0.346,1.93,4.38,-0.0548,4.4,3.52,4.84,4.26,4.07,0.553,-2.58,3.13,-61.6,102,-10.7,-9.16,27.9,23.7,8.12,8.35,1.95
St. Lucia,4.09,4.09,4.09,4.09,4.09,4.09,4.09,4.09,4.09,4.09,4.09,3.84,1.57,0.524,4.65,3.19,17.1,7.68,5.91,1.18,-7,1.15,1.61,4.19,5.39,5.89,14.9,0.936,12.3,5.57,1.36,-0.82,5.94,-0.895,0.732,0.125,5.94,-1.17,5.47,1.42,-1.33,-6.37,1.79,3.16,4.08,4.52,8.37,1.08,4.55,-0.179,-0.326,0.767,-1.91,-2.15,-0.288,0.407,0.805,1.2,1.4,1.6
Liechtenstein,3.82,3.82,3.82,3.82,3.82,3.82,3.82,3.82,3.82,3.82,3.82,-0.386,-0.138,-0.00603,0.0632,0.0935,30.1,3.15,-3.17,-1.04,-9.38,3.22,-3.07,-0.943,2.77,5.53,2.59,7.79,4.26,3.15,0.923,0.471,2.26,2.96,5.49,4.54,5.57,5.91,6.48,9.13,2.05,-1.81,-2.04,-2.94,2.02,3.83,8.02,8.47,-3.41,-11.1,8.04,1.17,,,,,,,,
Sri Lanka,0.852,-0.692,0.909,-0.461,2.31,0.749,-3.42,6.65,5.02,1.73,2.62,-2.74,0.218,2.25,1.69,0.741,1.27,4.79,4.37,4.51,3.67,4.59,3.31,3.73,3.63,2.84,3.52,-0.48,1.17,1.23,5.07,3.41,3.14,5.47,4.14,4.18,2.65,5.33,3.67,3.31,5.04,-2.41,3.07,5.01,4.54,5.16,6.83,5.96,5.13,2.73,7.17,7.51,5.73,6.46,6.27,5.78,5.78,5.78,5.78,5.78
Lesotho,5.35,-0.863,13.5,9.08,6.31,-0.361,-0.117,8.41,-2.36,-0.99,0.147,-11.2,16.7,23.5,3.71,-10.3,13.7,14.6,16.6,-13.2,-5.31,-1.68,0.879,-0.926,2.06,1.04,2.86,-1.7,6.99,3.86,4.22,0.68,5.54,1.6,3.22,0.149,3.87,1.6,0.179,1.2,3.56,2.91,-0.532,3.73,1.39,1.77,3.32,3.71,4.34,1.82,4.53,3.13,5.75,5.52,5.29,5.22,4.85,5.11,5.26,4.85
Lithuania,7.53,3.87,1.03,-3.74,11.4,4.39,3.67,3.31,4.81,0.45,6.69,1.65,-0.43,7.38,1.94,-0.649,3.74,1.45,1.63,-1.3,-0.68,0.101,1.62,2.33,0.342,0.00847,3.21,0.442,1.32,0.999,-3.04,-5.89,-21.3,-15.9,-9.57,5.37,4.85,7.12,7.39,-1.63,4.02,6.65,7.17,10.1,7.67,7.93,8.45,10.4,3.45,-14.4,3.15,14.8,5.06,3.8,3.83,3.97,4.11,4.18,4.29,4.28
Luxembourg,3.27,3.13,0.526,0.423,8.35,0.393,-0.0471,-0.915,4.31,10.6,0.875,1.66,5.36,7.1,3.37,-7.52,1.89,1.47,3.64,2.62,0.5,-0.722,0.939,2.95,6.2,2.8,9.6,3.49,8.27,9,4.25,7.73,0.227,2.62,2.61,-0.246,1.75,7.38,6.02,6.38,7.71,0.0136,0.764,1.38,3.02,4.06,3.34,4.86,-2.46,-5.81,1,-0.672,-2.45,-0.00023,0.132,-0.0929,0.00778,0.264,0.197,0.258
Latvia,7.53,3.87,1.03,-3.74,11.4,4.39,3.67,3.31,4.81,0.45,6.69,1.65,-0.43,7.38,4,6,4.27,1.88,1.96,4.78,3.47,3.62,1.75,4.57,5.14,-0.984,4.11,1.72,4.47,5.05,-7.49,-12.3,-31.3,-3.29,3.71,0.355,4.79,10.1,6.46,5.58,7.72,8.64,7.43,7.78,9.27,11.2,12.2,10.5,-2.52,-16.6,1.04,7.81,6.91,4.42,4.08,4.7,4.52,4.43,4.3,4.29
"Macao, China",7.04,7.04,7.04,7.04,7.04,7.04,7.04,7.04,7.04,7.04,7.04,4.62,5.65,6.38,6.75,6.88,6.75,6.89,6.7,5.1,4.85,4.09,0.11,5.45,3.86,-3.73,2.04,9.63,3.49,1.26,4.58,0.939,10.8,3.22,2.5,1.67,-1.88,-1.65,-5.83,-3.65,4.29,1.4,8.45,12.5,26.6,5.66,11.7,11.6,0.788,-0.714,24.1,18.1,7.37,,,,,,,
Morocco,-2.19,0.959,0.967,0.958,0.959,0.976,3.02,3.03,3.01,2.98,2.97,2.99,0.27,1.51,3.34,4.58,8.82,2.88,0.927,2.57,7.08,-4.52,7.72,-3.17,1.47,3.53,5.12,-4.66,7.58,-0.118,1.41,4.54,-6.06,-3.08,8.14,-8.46,10,-4.18,5.86,-1.89,-0.762,4.49,1.47,4.35,3.5,0.783,6.58,1.59,4.45,3.64,2.55,3.89,1.64,3.49,2.89,3.87,4.17,4.39,4.62,4.63
Monaco,2.89,2.89,2.89,2.89,2.89,2.89,2.89,2.89,2.89,2.89,2.89,4.41,3.78,5.74,3.71,-1.59,3.88,3.08,3.53,3.12,1.24,0.426,1.89,0.626,0.911,1.15,1.88,1.93,4.03,3.6,2.07,0.446,0.78,-1.46,1.69,1.65,0.722,1.91,3.18,2.92,3.46,1.3,0.404,0.42,1.8,1.08,5.74,14.4,0.244,-11.7,2.05,1.64,,,,,,,,
Moldova,7.42,3.87,1.03,-3.74,11.4,4.39,3.67,3.31,4.81,0.45,6.69,1.65,-0.43,7.38,1.98,-0.607,3.78,1.49,1.67,-1.26,-0.639,0.142,1.67,2.37,0.384,0.05,3.25,0.484,1.36,1.04,-3,-18.1,-29.3,-1.46,-30.9,-1.32,-5.71,1.8,-6.38,-3.32,2.13,6.08,7.73,6.18,7.23,7.28,5.09,3.25,8.05,-5.86,7.21,6.9,-0.709,8.85,3.53,4.53,4.53,4.03,4.03,4.03
Madagascar,-0.554,0.0865,0.272,-2.96,1.85,-2.53,-0.0774,3.3,4.51,1.52,2.91,1.59,-3.53,-4.84,-0.365,-1.15,-5.58,-0.199,-5.12,6.89,-1.95,-11.1,-4.53,-1.98,-6.34,-0.603,-2.13,-0.692,-1.3,1.07,0.91,-8.97,-1.7,-0.847,-2.91,-1.27,-0.918,0.637,0.811,1.59,1.68,2.84,-15.3,6.53,2.15,1.48,2.19,3.41,4.31,-6.61,-2.15,-0.755,-0.0433,-0.143,0.568,1.51,2.1,2.64,2.72,2.81
Maldives,2.15,2.15,2.15,2.15,2.15,2.15,2.15,2.15,2.15,2.15,2.15,2.79,0.0108,-0.871,3.08,-10.4,-2.08,8.2,11.5,7.51,15.2,8.55,-5.8,12.9,23.2,9.51,5.91,5.37,5.23,5.79,12.7,4.42,3.16,3.2,3.86,4.51,6.41,9.26,7.25,5.88,2.64,1.59,4.46,7.58,9.61,-6.51,17.5,8.42,10.5,-5.22,5.29,5.28,-0.787,2.03,2.47,2.74,2.92,2.98,2.96,3.02
Mexico,5.04,1.78,1.54,4.85,8.53,3.29,3.71,3.04,4.9,3.08,3.67,0.558,4.97,4.71,2.69,2.69,1.49,0.579,6.28,7.09,6.69,6.12,-2.82,-5.7,1.26,0.0845,-5.13,-0.289,-0.689,2.17,3.27,2.33,1.68,0.107,2.65,-8,3.58,5.31,3.5,2.47,5.17,-1.21,-0.192,0.333,3.16,1.78,3.73,1.57,-0.449,-7.5,3.74,2.62,2.69,-0.082,1.97,2.46,2.73,2.73,2.73,2.73
Marshall Islands,2.31,2.31,2.31,2.31,2.31,2.31,2.31,2.31,2.31,2.31,2.31,2.31,2.31,2.31,10.2,-4.02,-3.32,-0.998,2.17,-1.39,-10.7,2.06,-1.41,11.1,-2,-7.08,16.8,7.95,4.68,-3.01,6.24,-2.35,5.19,4.59,4.78,7.27,-11,-6.99,-3.27,-2.69,5.72,5.32,2.66,0.259,0.0233,2.65,1.83,2.92,-2.11,-1.68,5.42,0.671,2.82,-0.767,1.58,0.0755,-0.133,-0.222,-0.63,-0.0984
North Macedonia,5.33,3.47,0.875,9.34,8.56,1.7,4.38,0.839,1.25,10.3,4.01,10.6,2.52,2.47,11.9,-0.879,2.12,6.28,4.6,5.96,4.21,1.17,0.0852,0.295,1.97,0.281,3.58,-1.58,-1.84,-1.7,-7.64,-0.389,-7.12,-7.96,-2.23,-1.6,0.671,0.939,2.88,3.89,4.15,-4.85,0.581,2.57,3.88,3.93,4.82,5.89,4.82,-1.12,2.67,2.63,-0.606,2.87,2.93,3.21,3.59,3.75,3.8,3.82
Mali,0.78,-1.37,-1.47,4.55,2.58,-0.691,2.02,1.08,1.51,-2.67,3.82,1.17,2.79,-4.66,-4.69,11.2,10.9,5.32,-3.96,22.3,-13.1,-4.9,-7.28,2.67,2.64,0.502,4.46,0.0598,-2,8.1,-1.19,-2.86,6.22,-4.39,0.465,4.69,1.96,4.29,2.49,4.22,1.26,9.4,1.75,4.55,-0.16,3.41,2.03,1.11,1.79,1.31,2.65,-0.385,-3,-1.34,3.24,1.82,1.71,1.46,1.55,1.27
Malta,0.905,1.12,-3.25,0.198,2.05,6.54,10.3,6.47,9.72,6.06,12.4,3.21,6.27,9.73,9.3,18.2,14.9,9.25,8.04,8.15,6.03,3.27,3,0.706,2.73,4.58,2.84,3.07,7.5,7.27,5.38,5.35,3.72,3.47,4.71,5.04,3.44,3.98,2.95,3.19,5.75,-2.36,1.85,-0.973,-0.464,2.7,1.99,3.36,3.25,-3.41,2.69,1.25,0.719,2.25,1.68,1.62,1.5,1.43,1.46,0.514
Myanmar,1.6,0.692,6.85,1.03,-0.0215,0.695,-5.92,0.915,4.59,2.17,2.54,1.29,-1.19,-2.24,3.3,2.31,4.24,4.16,4.94,2.96,6.41,3.75,3.47,2.34,2.9,0.941,-2.8,-5.61,-12.7,2.29,1.45,-1.9,2.46,1.4,1.7,1.55,1.44,1.27,1.3,2.77,3.58,2.91,3.11,3.64,3.3,-0.5,10.8,9.79,1.56,3.07,3.27,3.38,5.2,5.39,5.69,5.69,5.69,5.69,5.69,5.59
Montenegro,5.33,3.47,0.875,9.34,8.56,1.7,4.38,0.839,1.25,10.3,4.01,10.6,2.52,2.47,11.9,-0.879,2.12,6.28,4.6,5.96,4.21,1.17,0.0852,0.295,1.97,0.281,3.58,-1.58,-1.84,-1.7,-7.64,-11.6,-24.3,-37.3,0.109,12.5,25.2,4.39,2.66,-9.41,2.87,2.04,3.89,5.11,7,6.21,8.43,8.31,6.63,-6.1,2,7.43,-2.73,3.15,2.63,2.73,2.44,2.73,2.69,2.86
Mongolia,2.99,2.97,2.93,3.13,2.97,2.99,2.92,3.11,2.98,2.94,3.09,3.05,2.98,2.99,3.02,2.96,2.88,3.11,3,3.02,2.96,5.42,5.43,2.94,3.06,2.82,6.4,0.686,2.27,-0.0737,-5.05,-11.3,-11.3,-4.47,1.07,5.24,1.49,3.32,2.94,2.61,0.405,2.18,3.84,6.03,9.58,6.25,7.26,8.71,7.09,-3.1,4.63,16.2,10.3,9.44,11,5.91,3.9,7.02,4.78,6.88
Northern Mariana Islands,1.5,1.5,1.5,1.5,1.5,1.5,1.5,1.5,1.5,1.5,1.5,1.5,1.5,1.5,0.196,0.196,0.196,0.196,0.196,0.196,0.196,0.196,0.196,0.196,0.196,0.196,0.196,0.196,0.196,0.196,0.196,1.65,1.65,1.65,1.65,1.65,1.65,1.65,1.65,1.65,1.65,1.65,5.46,5.46,5.46,5.46,4.59,,,,,,,,,,,,,
Mozambique,0.346,0.761,4.66,-5.61,2.13,0.115,0.972,4.46,8.69,9.32,2.94,4.19,0.384,2.75,-10.1,-16.6,-7.77,-2.43,-2.22,-1.65,0.478,-0.323,-4.46,-8.52,-3.84,-9.98,0.859,5.61,8.88,4.39,0.0241,2.75,-9.78,4.7,-0.342,-2.06,3.83,8.35,9.95,5.1,-0.549,10.8,5.4,6.02,5.75,4.59,6.55,5.18,4.74,4.25,4.99,5.22,4.56,4.53,5.76,5.39,5.01,5.33,5.3,5.32
Mauritania,6.59,15.6,-3.44,-7.38,28.1,12.3,-0.897,1.95,7.21,-3.08,8.63,-0.68,-0.394,-7.81,8.36,-8.05,6.04,-3.12,-2.35,2.48,1.76,1.49,-4.3,2.39,-9.5,0.266,2.91,0.386,0.95,0.941,-3.81,-0.258,-2.05,1.4,1.2,1.81,3.42,0.833,0.809,1.05,1.99,1.37,1.09,2.56,2.19,2.18,8.53,-1.59,0.909,-3.62,2.56,1.44,4.46,4.16,4.33,4.05,3.82,6.07,3.04,8.08
Montserrat,2.9,2.9,2.9,2.9,2.9,2.9,2.9,2.9,2.9,2.9,2.9,2.33,1.53,2.16,3.57,4.56,-1.72,-1.73,5.85,11.6,10.4,3.61,5.1,-1.69,2.97,7.27,4.24,5.46,11.2,8.81,14.9,-21.1,1.76,2.12,2.54,-3.27,-13.9,-8.33,7.06,8.95,11.3,-0.389,5.38,-8.96,-0.431,-4.51,-1.69,2.96,2.71,0.0523,-4.47,0.807,,,,,,,,
Martinique,5.59,5.59,5.59,5.59,5.59,5.59,5.59,5.59,5.59,5.59,5.59,5.59,5.59,5.59,0.295,0.295,0.295,0.295,0.295,0.295,0.295,0.295,0.295,0.295,0.295,0.295,0.295,0.295,0.295,0.295,0.295,1.5,1.5,1.5,1.5,1.5,1.5,1.5,1.5,1.5,1.5,1.5,4,-2.31,5.11,5.04,,,,,,,,,,,,,,
Mauritius,3.42,19.5,-2.09,11.7,-9.54,0.58,-5.88,2.33,-8.6,3.4,-2.01,3.46,8.59,11.2,9.25,-1.27,14.7,4.76,2,1.64,-11.7,4.21,4.13,-0.633,3.68,5.97,8.93,9.06,5.83,3.39,6,5.29,3.71,5.61,3.42,2.52,4.2,5.05,5.1,4.43,1.73,6.16,2.5,6.02,3.84,2.25,3.73,4.86,5.18,2.29,3.65,3.38,2.74,2.55,3.18,3.49,3.74,3.63,3.54,3.62
Malawi,0.295,2.54,-2.66,-4.3,-4.7,10.7,7.29,6.92,-3.81,3.59,-1.02,11.5,7.3,5.42,3.65,0.754,0.947,2.08,6.09,1.72,-2.19,-13.2,-1,1.53,0.545,0.372,-3.2,-6.68,-2.56,-0.934,1.09,5.52,-8.85,10.3,-12.1,7.8,7.63,1.29,-0.47,-1.63,-1.2,-7.45,0.218,-6.25,12.8,0.452,1.71,6.44,5.12,5.65,3.4,1.28,-0.966,2.03,3.12,3.52,3.5,3.25,3.31,2.9
Malaysia,4.3,4.04,2.8,1.98,3.5,4.43,2.34,-0.864,6.11,3.25,3.68,4.87,5,11.8,5.01,-1.48,9.89,5.7,6.32,5.69,5.79,4.56,3.41,3.59,5.17,-3.5,-1.25,2.78,6.25,6.87,7.13,7.08,6.43,7.38,6.75,7.42,7.62,5.06,-9.29,3.94,6.36,-1.64,2.13,3.83,4.93,3.11,4.19,4.91,3.48,-3.41,5.26,3.72,4.3,3.69,3.44,3.25,3.25,3.25,3.25,3.25
Namibia,6.72,-1.42,11.3,7.23,13.3,4.01,1.18,-6.5,-1.77,0.799,-2.2,-0.216,2.19,0.428,0.687,-2.65,1.64,3.42,4.38,1.22,1.74,1.54,-0.953,-5.59,-4.23,-2.47,0.0747,-0.139,-1.88,2.62,-6.64,2.78,6.6,-4.67,3.91,1.44,0.353,1.64,1.01,1.29,0.825,0.00642,1.22,2.39,5.51,3.35,5.19,3.51,1.51,-2.88,5.71,3.98,4.16,3.45,3.45,3.63,3.71,3.79,3.76,3.79
New Caledonia,5.54,5.54,5.54,5.54,5.54,5.54,-6.23,2.47,10.7,11.6,25.9,2.79,-1.03,-15,8.26,2.94,-0.471,-0.337,7.81,-15.1,-2.06,-8.56,0.702,-3.63,0.0788,2.71,-2.72,3.8,32.1,8.77,1.39,2.51,-1.9,-1.95,0.0833,3.43,-1.86,-0.262,-5.27,-1.16,0.113,-1.39,-1.3,-1.52,-0.83,-0.816,3.95,2.48,-0.264,0.746,1.82,1.83,,,,,,,,
Niger,4.33,2.05,8.28,7.6,-1.83,5.27,-3.33,-1.68,-1.35,-5.07,0.831,3.36,-7.26,-18.9,6.28,-4.98,-1.66,5.2,10.7,4.55,2.25,-1.34,-3.7,-4.33,-19,-0.863,1.88,-6.09,2.86,-2.5,-4.42,-0.256,-9.04,-1.4,1.08,-0.308,0.486,0.00294,7.42,-3.37,-4.18,4.06,0.0749,1.5,-3.66,4.29,2.17,-2.88,5.84,-4.32,7.34,-0.92,7.72,0.438,3.32,2.74,10.8,8.56,6.53,5.04
Nigeria,20.8,-6.91,0.816,5.55,0.266,-7.44,-7.83,-18.1,-2.2,14.3,16.4,11.5,0.881,2.78,8.28,-7.81,5.91,2.87,-8.6,3.63,1.28,-15.4,-3.56,-7.39,-4.43,5.63,-11.1,-13,4.8,3.78,9.97,-3.04,-1.98,-0.329,-1.46,-2.63,2.57,0.439,0.352,-1.86,2.85,5.08,18.4,7.55,7.78,3.9,3.43,3.83,3.65,4.29,5.16,4.73,3.73,3.42,4.27,4.16,4,4.04,3.74,3.81
Nicaragua,-1.78,4.14,7.43,7.38,8.2,6.07,0.0583,3.61,-1.81,3.3,-2.21,1.58,0.219,2.07,10.8,-3.29,1.83,5.12,-9.78,-28.8,0.13,1.88,-3.46,2.33,-4.32,-6.24,-4.23,-3.11,-13.4,-4.03,-4.14,-5.14,-2.88,-3.34,1.03,1.63,2,2.56,1.72,16.9,-7.01,0.82,-1.46,0.412,3.03,2,3.95,4.24,2.65,-3.43,2.4,4.16,4.08,3.09,2.91,2.92,2.65,2.66,2.68,2.7
Netherlands,8.12,1.9,3.19,2.27,7.59,4.24,1.81,4.49,5.99,5.97,4.78,3.53,2.01,4.4,3.64,-0.379,4.04,2.23,2.2,1.43,1.22,-0.873,-1.45,1.74,3.03,2.55,2.87,1.53,3.08,4.13,3.83,1.93,1.3,0.952,2.66,2.91,3.36,4.05,3.64,4.35,3.46,1.46,-0.226,0.143,2.17,1.59,3.23,3.69,1.41,-4.16,1.11,0.52,-1.61,-1.05,0.562,1.39,1.53,1.62,1.73,1.84
Norway,4.99,5.63,2.19,3.24,4.39,4.7,3.14,5.54,1.56,3.84,1.49,4.64,4.49,3.88,3.75,4.85,5.57,4.03,3.29,4.33,4.81,0.811,0.0316,3.44,5.81,5.09,3.44,1.77,-0.39,0.732,1.9,3.33,2.9,2.31,4.86,4.02,4.92,4.81,1.72,1.57,2.78,1.65,1.24,0.759,3.62,2.51,1.41,1.57,-1.34,-2.49,-1.11,0.027,1.47,-0.395,0.783,0.745,0.861,0.936,0.966,0.989
Nepal,0.939,0.99,0.813,0.74,0.631,0.646,5.15,-3.35,-1.18,2.52,0.644,-3.13,0.99,-2.64,3.96,-0.844,1.94,0.543,1.85,-0.149,-4.76,-2.51,9.6,-5.36,6.93,3.52,1.67,1.37,5.18,-0.252,4.78,3.72,1.51,1.26,5.55,0.944,2.78,1.55,-0.556,0.871,4.02,2.87,-2.57,0.779,1.3,0.158,-0.287,1.44,4.15,2.66,2.97,2.09,3.64,1.98,2.91,2.94,2.99,3.43,3.43,3.47
Nauru,3.75,3.75,3.75,3.75,3.75,3.75,3.75,3.75,3.75,3.75,3.75,4.8,4.89,4.99,5.14,5.36,5.55,5.68,5.73,5.64,5.48,5.3,5.15,4.97,4.82,4.67,2.62,0.737,-1.07,-2.72,-4.29,-5.78,-9.18,-9,-8.69,-8.32,-7.92,-7.56,-1.84,-1.76,-0.0477,0.548,0.681,-0.166,-0.2,-0.189,-20.5,-10.9,95.1,-18.4,-0.419,3.46,,,,,,,,
New Zealand,-1.71,2.96,-0.147,4.13,2.83,4.42,4.44,-5.99,-1.28,9.16,-2.8,3.46,2.37,4.84,3.66,-3.03,1.28,-5.21,0.375,2.08,0.509,4.35,1.07,1.63,3.87,0.187,1.78,0.146,-0.697,0.579,-0.792,-2.4,-0.095,5.3,4.03,2.71,1.95,-0.0648,-0.828,3.89,0.95,2.43,3.4,2.32,2.58,0.881,1.81,2.43,-1.74,-2.75,0.569,0.608,1.92,1.46,2.37,2.19,1.78,1.73,1.68,1.73
Oman,3.83,-1.24,17.4,1.75,-2.46,-2.06,2.51,62,76.8,22.3,0.424,-2.17,5.87,-16.7,8.01,20.5,7.74,-4.5,-6.93,-1.02,0.69,11.1,6.13,11.4,11.8,9.52,-1.57,4.19,-0.622,0.558,-3.41,1.96,4.42,2.18,0.323,1.27,-0.609,2.57,-0.794,-3.59,1.92,3.86,-0.855,-1.4,1.91,2.33,3.46,4.53,10.8,-0.225,20.9,-12.1,1.76,1.82,0.187,0.125,0.789,0.829,0.565,0.586
Pakistan,2.24,3.34,4.46,3.5,4.74,1.72,5.31,1.02,4.17,3.67,7.46,-2.17,-1.87,4.41,0.87,1.63,2.88,1.71,5.51,0.75,6.73,4.03,4,3.74,1.45,5.89,3.23,2.66,3.29,1.87,1.8,2.7,5.15,-0.254,1.25,2.35,2.1,-1.53,0.0103,1.15,0.646,-0.845,1.15,2.87,5.44,5.56,3.88,4.92,1.88,-2.64,0.935,0.933,2.26,1.53,1.05,1.67,1.91,2.71,3.06,3.08
Panama,2.99,7.64,5.31,6.33,1.32,5.66,4.35,5.24,4.23,4.75,3.1,5.19,2.48,3.39,-0.434,-0.79,-0.753,-1.57,7.87,2.11,12.7,2.02,3.42,-1.33,-2.45,2.58,1.19,0.444,-17.2,-2.34,2.61,6.89,6.13,3.35,1.2,-0.0257,0.45,2.33,2,1.37,0.691,-1.2,0.532,2.65,5.77,5.17,6.68,10.1,8.17,2.02,5.55,8.89,8.84,6.09,5.31,5.01,4.52,4.32,4.03,5.81
Peru,10.7,5.83,4.41,1.64,3.92,3.72,5.41,1.11,-3.79,-0.244,4.83,1.6,0.353,2.37,2.4,5.02,-1.28,-2.66,-2.6,3.25,1.96,1.87,-1.94,-15.3,2.31,-0.272,7.63,6.24,-10.2,-14.1,-7.07,0.372,-2.95,3.53,11.3,6.45,0.371,6.66,-1.59,-0.709,1.52,-1.32,3.4,2.47,1.76,4.95,6.1,6.67,8.13,-0.676,7.14,5.28,4.66,3.42,3.91,4.19,4.19,4.19,4.19,4.19
Philippines,-1.64,2.45,1.61,3.81,0.301,2.06,1.27,2.19,1.87,1.64,0.815,2.47,2.52,5.94,0.765,2.77,5.85,2.73,2.29,2.73,2.25,0.936,1.15,-0.409,-9.42,-9.45,1.02,1.93,4.38,3.79,0.628,-2.81,-1.75,0.00661,2.17,2.36,3.4,2.92,-2.63,1.34,3.83,-0.291,2.3,2.89,4.4,2.97,3.17,4.53,2.09,0.593,5.77,2.14,5.03,5.31,4.38,4.42,4.13,3.94,3.94,3.94
Palau,5.63,5.63,5.63,5.63,5.63,5.63,5.63,5.63,5.63,5.63,5.63,-3.6,10.1,19.4,43.2,4.54,-27.1,-4.7,1,-9.65,-46.3,-11.7,1.28,-3.5,-0.191,-11.3,-2.46,-2.87,19,2.23,4.74,-6.07,-8.79,-14.7,4.34,7.84,7.38,-0.475,-0.602,-7.52,-1.55,-0.133,-4.5,-2.03,4.29,4.95,2.46,1.56,-1.54,2.3,1.37,1.12,7.53,0.214,0.743,1.19,1.49,1.49,1.19,1.19
Papua New Guinea,1.45,4.31,4.43,2.1,6.44,8.04,3.62,1.86,2.1,5.88,8.36,3.87,3.2,4.07,0.273,-3.08,-5.47,-1.29,6.25,-0.394,-4.55,-2.69,-2.17,0.564,-2.93,1.34,2.05,0.192,0.334,-3.9,-5.47,6.75,10.9,15.2,3.19,-5.86,4.87,-6.47,-6.33,-0.818,-5,-2.63,-2.62,-0.278,0.35,1.07,-0.0627,4.7,4.2,3.75,4.95,8.36,5.5,2.03,3.46,18.6,0.786,0.869,0.92,1.2
Poland,3.83,6.58,-2.5,4.85,3.41,4.55,5.4,2.79,5.23,-1.76,4.4,6.3,6.43,6.58,4.89,3.7,1.51,0.915,2.71,-2.76,-3.4,-6.18,-1.8,3.96,2.78,0.175,2.4,-1.96,1.87,-1.82,-10,-7.34,2.2,3.48,5.07,6.81,5.92,6.73,5.48,4.6,4.21,1.24,1.49,3.92,5.4,3.25,6.27,6.87,5.15,1.57,3.79,3.34,1.92,1.56,3.08,3.3,3.36,3.56,3.63,3.65
Puerto Rico,5.61,7.5,5.53,8.25,4.76,7.23,5.81,5.42,3.78,6.91,8.71,4.62,4.34,5.36,-0.751,-4.15,2.11,4.64,5.34,4.41,0.224,0.155,-4.24,-0.652,6.23,1.09,7.17,3.97,5.57,4.02,2.86,1.58,3.89,3.77,3.22,3.59,2.15,2.44,2.61,3.68,2.67,1.58,-0.0317,1.12,1.16,2.27,-2.2,-1.68,-1.69,-0.723,0.0277,-1.33,,,,,,,,
North Korea,5.95,4.74,-2.32,-1.28,0.617,2.02,-1.14,1.58,1.38,-2.01,3.07,0.0585,1.75,1.21,1.7,3.46,0.324,1.77,-4.01,11.3,-6.38,9.77,5.15,-1.97,3.13,-3.85,-0.753,1.66,2.56,2.68,-8.06,-4.96,-11.6,-7.22,-0.865,-10.2,-3.4,-11.7,3.01,8.68,-6.54,6.29,0.512,2.18,0.356,3.83,-0.205,-4.72,2.54,-1.43,-0.995,0.262,-0.269,,,,,,,
Portugal,5.79,5.53,6.77,5.21,6.12,7.37,4.3,7.62,8.75,2.32,9.75,7.27,8.26,11.1,-0.216,-7.53,4.56,5.16,2.43,5.36,4.02,0.873,2.04,-0.301,-2.01,2.69,4.03,6.3,7.43,5.11,4.38,4.41,1,-2.44,0.362,3.89,3.28,3.6,4.12,3.22,3.43,1.5,0.332,-1.22,1.09,0.319,1.06,2.08,-0.183,-3,1.84,-0.943,-2.78,-1.45,1.07,1.35,1.61,1.73,1.77,1.77
Paraguay,-1.61,2.1,4.33,0.137,1.69,3.04,-1.52,3.6,0.848,1.17,3.44,1.6,2.35,4.72,5.2,3.54,4.27,8.24,8.54,8.63,11.8,5.87,-6.09,-5.72,0.222,1.01,-2.98,1.4,3.45,2.84,0.157,-0.381,-1.14,1.1,0.149,1.63,-1.47,-0.172,-3.06,-2.16,-3.01,-0.567,-2.61,1.18,1.5,0.362,2.75,3.35,4.27,-5.85,10.9,2.29,-2.94,11.1,2.99,2.69,2.69,2.69,2.69,2.69
Palestine,3.75,3.88,3.78,3.8,3.75,3.76,3.85,3.83,3.82,3.26,3.19,3.37,3.42,3.2,3.3,3.24,3.38,3.3,3.35,3.3,3.33,3.37,3.24,3.38,3.31,3.3,3.37,3.27,3.31,3.34,3.35,3.31,3.37,3.34,3.42,3.37,3.43,3.42,5.15,5.19,-3.54,-22.9,-22.9,-16,-3.41,-3.34,-7.34,2.8,4.37,4.55,6.88,6.89,2.91,,,,,,,
French Polynesia,5.12,5.12,5.12,5.12,5.12,5.12,5.8,-8.11,10.8,-6.08,-1.8,8.37,-7.68,4.49,14.4,-7.79,4.94,-1,6.59,0.837,-2.47,5.34,6.8,2.44,2.55,2.66,5.71,4.57,0.0698,0.74,0.0221,2.73,-1.12,-1.86,-1.13,-1.39,-1.56,0.0415,4.3,2.18,2.23,-0.34,2.64,1.6,0.0984,1.42,-0.122,0.866,0.541,0.385,0.422,0.522,,,,,,,,
Qatar,14.6,14.6,14.6,14.6,14.6,14.6,14.6,14.6,14.6,14.6,14.6,0.0613,0.966,1.22,-2.23,-1.18,2.34,-11.7,3.57,-0.992,-8.29,-2.07,-12.5,-9.55,-5.95,-9.55,-3.12,-4.94,-0.583,0.733,-1.02,-3.7,7.1,-2.63,0.271,0.645,2.31,26,8.41,0.777,4.42,-1.85,1.25,-2.18,14.9,1.83,7.61,0.236,-0.39,-1.05,12.5,8.64,-1.21,-3.51,-3.32,-0.855,0.381,2.55,4.49,4.33
Reunion,4.52,2.17,4.61,4.22,4.89,7.14,3.47,4.55,4.51,7,2.1,0.309,9.6,-0.861,4.55,-3.16,-12,-3.08,6.82,3.87,1.97,1.41,6.27,3.8,-0.72,-0.592,-0.605,-1.12,3.88,0.933,7.55,4.11,-2,-1.98,-1.95,-1.91,3.25,2.23,-0.563,0.345,0.42,0.464,3.34,3.38,4.08,4.13,4.22,3.99,,,,,,,,,,,,
Romania,3.41,5.82,2.88,6.44,5.69,5.67,10.8,3.79,-0.145,3.09,1.03,12.9,5.44,2.37,4.61,3.42,4.13,1.27,2.44,2.1,-0.308,-1.18,-0.364,-1.11,3.76,-0.463,1.35,-2.48,-0.61,-3.54,-10.9,-12.8,-8.69,1.63,4.04,7.32,4.2,-5.83,-4.6,-1.04,2.23,5.81,5.11,5.01,8.62,4.22,8.04,6.43,7.52,-6.44,-0.976,2.46,0.915,3.73,2.44,2.69,3.08,3.56,3.66,3.72
Russia,7.53,3.87,1.03,-3.74,11.4,4.39,3.67,3.31,4.81,0.45,6.69,1.65,-0.43,7.38,2.15,-0.443,3.96,1.66,1.84,-1.09,-0.474,0.308,1.83,2.54,0.55,0.216,3.42,0.65,1.53,1.21,-2.84,-5.21,-14.6,-8.69,-12.7,-4.13,-3.48,1.57,-5.14,6.73,10.5,5.62,5.3,7.94,7.8,6.95,8.61,8.84,5.25,-7.74,4.35,4.66,3.33,1.33,1.38,2.37,2.55,2.55,2.55,2.55
Rwanda,0.628,-4.74,11.2,-12.1,-14,4.37,4.02,4.15,4.04,7.71,7.65,-1.71,-2.52,0.114,1.83,15.1,-4.89,1.69,6.13,5.96,8.65,3.05,4.49,2.38,-6.84,1.8,2.79,-3.62,-6.42,-0.91,-3.25,-6.81,3.97,-10.3,-42.1,52,7.14,-5.29,9.12,5.25,3.91,4.39,6.89,-1.47,1.51,3.47,7.29,3.35,11.1,4.05,5.01,6.03,5.75,2.84,5.29,5.29,5.29,5.29,5.29,5.29
Saudi Arabia,7.55,9.34,9.32,6.08,6.13,9.29,11.6,5.92,5.96,4.7,6.33,11.2,12.1,16.3,11.7,-4.42,2.7,7.92,-1.11,-0.593,2.92,1.54,-4.01,-15.7,-5.62,-11.8,-10.6,0.175,-0.958,-0.29,12.4,6.77,-1.08,-6.71,-5.02,-3.85,-1.84,-0.894,-1.13,-3.53,1.87,-2.37,-2.63,4.9,2.69,3.6,2.11,2.51,4.87,-1.5,3.92,5.39,2.84,1.03,1.95,2.16,2.16,2.19,2.19,2.23
Sudan,-0.89,-2.69,4.07,-5.47,-3.64,4.24,-3.81,-5.69,3.33,3.37,-6.86,3.93,-4.9,-11.2,6.8,9.29,14.7,11.6,-4.93,-13.7,-2.61,-1.22,8.97,-4.42,-8.35,-9.92,0.87,-0.0671,-0.889,5.36,-10.7,3.81,2.29,0.188,-0.765,0.317,2.42,7.08,2.97,4.62,6.59,3.16,3.12,4.22,2.33,5.79,6.15,5.75,0.431,2.5,-0.0692,20.6,-5.46,0.733,0.072,1.98,3.36,2.53,2.8,1.68
Senegal,-0.247,2.08,0.845,1.33,-0.499,0.75,-0.166,-3.93,3.46,-9.16,5.4,-3.13,3.26,-8.39,1.09,5.01,6.54,-5.65,-6.88,3.74,-6.27,-3.82,11.7,-0.597,-7.53,0.638,1.67,0.962,1.98,-4.61,1.48,-3.27,-0.641,-4.86,0.111,2.32,2.21,2.19,2.92,2.35,3.06,2.02,-1.45,3.97,3.22,2.77,-0.287,2.17,0.934,-0.532,1.54,-0.0656,0.503,1.08,1.59,1.83,2.13,2.11,2.15,2.16
Singapore,6.97,10.4,-2.86,6.33,-2.06,9.25,8.27,9.95,11.8,12,12.1,10.2,11.6,9.24,4.37,1.66,5.73,6.39,7.27,8.15,8.45,4.8,2.62,7.23,6.43,-1.59,2.23,8.29,8.91,7.03,5.26,3.63,3.28,9.16,8.37,5.09,3.71,4.96,-4.78,6.46,8.4,-5.22,3.19,2.78,7.49,4.23,4.19,3.37,-1.28,-2.53,12.4,2.61,-0.57,2.4,2.23,2.52,2.65,2.62,2.72,2.78
St. Helena,0.719,0.719,0.719,0.719,0.719,0.719,0.719,0.719,0.719,0.719,0.719,0.719,0.719,0.719,0.719,0.719,0.719,0.719,0.719,0.719,0.719,0.719,0.719,0.719,0.719,0.719,0.719,0.719,0.719,0.719,0.719,0.719,0.719,0.719,0.719,0.719,0.719,0.719,0.719,0.719,-9.41,14,12.6,-1.17,3.91,-7.59,,,,,,,,,,,,,,
Solomon Islands,1.68,1.68,1.68,1.68,1.68,1.68,1.68,1.68,1.55,-5.95,1.66,-1.19,-30.9,7.51,21.8,-15,9.89,10.6,5.26,20.7,-9.24,9.57,-0.662,9.94,-2.12,-2.34,16.2,-0.487,0.757,5.16,-1.04,3.03,9.51,1.03,6.11,5.19,-1.22,-4.16,-0.996,-3.17,-16.6,-11.4,-4.18,3.73,5.3,2.41,1.61,3.95,4.65,-6.92,3.37,7.88,2.64,0.618,1.71,1.34,1.2,1.29,1.34,1.35
Sierra Leone,1.76,0.325,2.99,0.184,-0.34,5.53,4.77,-2.15,8.12,7.39,1.81,-2.46,-2.66,1.43,2.37,1.16,-4.77,-0.418,-1.59,3.69,2.67,4.08,-0.363,-3.48,-0.813,-4.89,-5.67,2.87,0.3,-0.178,0.0884,-10.4,-8.05,1.21,1.16,-11.4,-25.8,-20.1,-2.82,-8.6,1.42,11.8,20.9,3.45,4.14,4.84,1.12,5,2.65,0.663,2.63,3.32,13,13.9,11.5,9.29,4.52,3.27,3.35,3.06
El Salvador,0.907,0.28,8.57,1.07,6.04,2.09,3.38,2.03,-0.29,-0.16,-0.871,1.62,3.42,1.92,4,2.78,1.15,3.17,3.91,-4.04,-9.65,-7.14,-4.67,-0.365,0.745,0.651,-0.754,0.756,0.0513,-0.684,1.29,1.1,5.48,4.52,4.11,4.26,-0.0943,2.33,1.82,1.46,0.295,-0.169,0.363,-0.0256,-0.00944,0.997,3.57,3.33,0.779,-3.5,0.967,1.56,1.28,1.19,1.18,1.29,1.39,1.59,1.59,1.59
San Marino,3.1,3.1,3.1,3.1,3.1,3.1,3.1,3.1,3.1,3.1,3.1,0.957,3.23,6.84,5.06,-2.88,5.77,0.907,1.39,4.05,1.76,-0.6,-0.919,-0.0441,2.02,1.62,1.68,2.03,3.04,2.2,0.853,0.255,-0.554,7.33,5.7,8.13,3.99,1.72,6.75,7.96,0.649,3.45,-2.2,1.22,2.15,0.382,2.44,2.54,-3.96,-13.2,-5.71,-3.22,,,,,,,,
Somalia,-0.756,2.67,2.26,1.72,-12.7,-8.62,11.7,3.44,-0.49,-14.4,6.27,1.19,14.5,-13.1,-2.51,7.71,-10.6,1.82,-4.9,-12.7,-3.74,3.51,2.44,-10.6,4.72,10.3,-2.38,9.08,-1.81,-1.26,-2.16,-0.968,-11.6,0.395,-21.1,-1.06,1.74,-5.5,-0.943,-0.323,-0.296,-0.0301,0.635,0.773,0.35,0.36,-0.202,0.0303,0.0249,-0.0314,-0.118,0,0.326,0.487,,,,,,
Serbia,5.33,3.47,0.875,9.34,8.56,1.7,4.38,0.839,1.25,10.3,4.01,10.6,2.52,2.47,11.9,-0.879,2.12,6.28,4.6,5.96,4.21,1.17,0.0852,0.295,1.97,0.281,3.58,-1.58,-1.84,-1.7,-7.64,-8.15,-28.2,-30.5,2.48,5.62,4.73,7.76,2.77,-22.5,4.84,5.03,4.27,2.77,8.68,6.53,4.01,5.83,4.24,-3.11,-1.39,0.69,-1.04,2.46,0.982,1.5,2,2.5,3,4
South Sudan,-0.89,-2.69,4.07,-5.47,-3.64,4.24,-3.81,-5.69,3.33,3.37,-6.86,3.93,-4.9,-11.2,6.8,9.29,14.7,11.6,-4.93,-13.7,-2.61,-1.22,8.97,-4.42,-8.35,-9.92,0.87,-0.0671,-0.889,5.36,-10.7,3.81,2.29,0.188,-0.765,0.317,2.42,7.08,2.97,4.62,6.59,3.16,3.12,4.22,2.33,5.79,7.28,8.69,0.537,0.381,1.84,18.1,-50,18.7,2.36,12.5,13.5,1.26,3.3,3.74
Sao Tome and Principe,10.7,7.52,6.65,6.04,5.41,4.74,5.84,4.29,4,3.88,3.65,2.99,0.213,-0.401,3.44,2.83,-1.16,19.8,-0.201,13.1,-3.53,-12.2,1.23,-5.47,-7.63,7.24,-7.8,-5.1,-0.35,0.802,-4.26,-0.844,-1.24,-0.79,0.285,0.0491,-0.494,-1.02,0.473,0.548,-1.36,1.33,0.359,5.09,2.97,1.52,10.6,0.815,7.74,3.1,2.68,3,-7.45,1.92,2.91,3.45,3.52,4.06,4.11,4.14
Suriname,2.21,2.21,2.21,2.21,2.21,2.21,2.21,2.21,2.21,2.21,2.21,5.89,4.83,4.61,3.5,-9.16,9.97,11.2,6.13,-5.65,-8.83,6.15,-5.55,-5.58,-3.57,12.2,-2.97,-8.34,7.68,3.68,-4.64,1.69,0.203,-5.86,-3.98,2.01,0.214,1.24,2.03,-3.38,3.03,5.02,1.82,6.18,6.73,5.14,4.57,3.92,2.72,1.62,2.74,3.32,4.46,3.6,2.96,3.05,3.51,3.74,3.82,3.49
Slovak Republic,6.87,3.04,0.763,-2.53,3.92,2.98,3.76,3.9,4.33,2.11,1.77,2.97,3,2.67,2.86,2.16,0.836,3.78,0.554,0.231,2.28,-0.871,1.68,1.26,2.11,0.573,1.67,0.311,2.05,0.678,-2.91,-14.9,-7.02,1.45,5.8,5.53,6.72,5.61,3.61,0.29,0.706,3.22,4.12,4.17,5.42,6.03,8.15,10.4,5.66,-5.18,4.14,2.97,1.58,0.819,2.18,2.83,3.38,3.48,3.48,3.48
Slovenia,5.33,3.47,0.875,9.34,8.56,1.7,4.38,0.839,1.25,10.3,4.01,10.6,2.52,2.47,11.9,-0.879,2.12,6.28,4.6,5.96,4.21,1.17,0.0852,0.295,1.97,0.281,3.58,-1.58,-1.84,-1.7,-7.64,-9.28,-5.87,2.43,4.94,3.78,3.38,4.69,3.42,5.16,3.94,2.92,3.47,2.63,4.29,4.03,5.54,6.59,3.39,-8.84,0.517,0.442,-2.79,-1.27,0.166,0.786,1.32,1.59,1.69,1.71
Sweden,3.33,5.88,3.72,3.65,6.92,3.76,0.345,2.46,3.44,3.7,4.12,0.976,0.104,4.1,7.78,1.18,0.0657,-3.23,0.85,4.17,0.675,-0.573,2.14,1.4,4,1.09,3.29,2.55,2.34,1.81,-0.861,-4.1,-0.0548,-2.35,3.51,4.55,1.35,2.51,3.1,3.74,4.91,0.931,1.88,1.77,3.91,2.74,3.8,2.65,-1.55,-5.83,5.42,3.03,0.157,0.698,1.93,1.76,1.84,1.72,1.72,1.7
Eswatini,10.9,9.98,18.1,3.09,11.8,12.7,1.59,6.71,-7.07,1.5,26.3,-1.03,9.25,2.57,8.23,0.76,0.401,0.0684,-0.457,-1.66,-0.994,3.5,2.69,-2.9,-1.5,2.47,-0.126,4.51,-6.83,2.01,-1.72,-2.05,-2.56,0.226,2.8,3.02,1.31,1.46,1.13,1.76,0.795,0.629,2.02,1.91,1.89,2.28,1.74,12.6,1.94,0.0727,0.752,-0.918,0.656,1.57,0.848,0.878,0.858,0.759,0.759,0.759
Seychelles,4.99,-8.06,5.97,6.61,1.22,-2.15,-0.00634,-2.19,5.9,-2.63,4.67,13.2,3.54,7.01,-0.634,1.49,7.87,5.25,5.26,14.8,-4.17,-5.38,-2.07,-0.616,3.69,9.4,0.136,0.516,4.93,9.63,6.93,1.4,6.68,5.09,-5,-0.982,8.4,10.9,0.483,-0.109,3.33,-2.36,-0.648,-5.95,-2.49,8.51,7.15,9.86,-4.3,-1.5,3.03,6.69,1.64,2.38,2.52,2.6,2.48,2.42,2.35,2.26
Syria,-1.7,4.34,19.3,-3.64,-1.43,-3.86,-11,4.39,0.00673,14.5,-7.26,5.71,20.4,-12,19.5,15,6.81,-4.95,4.67,-0.233,7.82,5.43,-1.96,-2.61,-7.85,1.95,-8.64,-2.02,9.01,-12.3,3.58,3.21,3.65,7.2,4.42,2.87,3.79,-0.599,4.37,-6,-0.749,0.637,2.81,-1.8,-0.098,1.61,2.5,3.12,1.95,3.35,1.99,-1.95,-1.95,,,,,,,
Turks and Caicos Islands,1.99,1.99,1.99,1.99,1.99,1.99,1.99,1.99,1.99,1.99,1.99,8.39,7.4,6.92,6.93,7.28,7.75,8.04,7.99,7.52,6.81,6,5.4,5.21,5.51,5.96,6.45,6.68,6.91,6.76,5.38,4.42,3.44,5.32,6.75,2.01,4.84,3.42,6.85,4.35,-0.0101,1.28,-4.67,3.22,6.03,10.1,10.4,3.71,4.53,-14.2,4.44,3.9,,,,,,,,
Chad,-0.933,-0.406,3.46,-3.22,-4.43,-1.64,-3.89,-1.51,-2.59,4.57,-0.272,-0.334,-8.88,-7.04,11.1,14.5,-3.83,-9.7,-2.92,-22.3,-5.97,-1.23,0.391,11.2,1.06,20.9,-6.72,-5.75,12,2.96,-8.99,6.69,-0.739,-5.14,1.95,-2.67,-0.0885,0.991,4.36,-0.907,-2.14,6.6,6.64,11.3,29.7,4.77,-2.29,-2.26,-0.827,-3.61,10.2,-1.92,6.23,1.1,8.09,4.71,2.15,0.785,0.764,0.999
Togo,6.39,4.29,1.22,2.33,11.6,10.8,6.42,2.82,2.32,7.93,-4.47,4.67,1.1,-6.23,1.85,-2.88,-2.78,3.04,7.62,3.51,-6.91,-8.98,-7.06,-8.67,-0.569,1.07,-0.468,-2.13,0.822,0.101,-4.38,-4,-7.13,-15.9,16.7,1.09,4.65,-8.52,-5.03,0.0271,-4.59,-2.11,1.68,2.37,-0.429,-1.7,1.49,-0.234,-0.147,1.32,1.74,2.59,3.19,2.92,3.27,3.28,3.39,3.08,2.79,2.5
Thailand,8.68,2.01,4.5,4.84,3.62,4.74,7.98,5.21,5.09,4.78,3.56,1.79,1.37,7.17,1.94,2.55,6.77,7.55,7.66,3.07,2.33,3.9,3.43,3.74,4,3,3.94,7.9,11.7,10.6,9.65,7.13,6.68,7,7.63,7.85,4.65,-2.48,-11.4,3.51,3.96,1.4,4.54,6.08,5.53,3.76,4.41,4.7,1.92,-2.54,7.21,-0.232,6.01,2.36,2.01,3.31,4.34,4.3,4.09,4.08
Tajikistan,7.44,3.87,1.03,-3.74,11.4,4.39,3.67,3.31,4.81,0.45,6.69,1.65,-0.43,7.38,-0.724,-3.25,1.03,-1.2,-1.03,-3.88,-3.28,-2.52,-1.03,-0.343,-2.28,-2.6,0.511,-2.18,-1.33,-1.64,-5.58,-11,-33.8,-17.5,-22.5,-13.8,-18.1,-0.0896,3.35,1.68,6.08,7.89,7.2,7.88,8.27,4.43,4.83,5.53,5.59,1.75,5.29,4.86,5.29,5.19,4.01,3.57,3.58,3.58,3.58,3.58
Turkmenistan,7.53,3.87,1.03,-3.74,11.4,4.39,3.67,3.31,4.81,0.45,6.69,1.65,-0.43,7.38,-0.533,-3.06,1.22,-1.01,-0.837,-3.69,-3.09,-2.33,-0.843,-0.152,-2.09,-2.42,0.704,-2,-1.14,-1.45,-5.4,-7.06,-16.9,-0.702,-19.1,-9.08,4.6,-13.1,5.05,14.3,4.12,2.18,-0.061,4.86,12.6,7.04,9.22,9.31,12.9,4.46,7.44,12.8,9.35,8.42,8.96,10.7,7.83,6.13,6.1,6.56
Timor-Leste,0.183,0.183,0.183,0.183,0.183,0.183,0.183,0.183,0.183,0.183,0.183,0.183,0.183,0.183,2.39,2.39,2.39,2.39,2.39,2.39,2.39,2.39,2.39,2.39,2.39,2.39,2.39,2.39,2.39,2.39,2.39,7.17,6.54,6.55,7.25,8.22,11.3,5.89,-0.171,-34.9,12.9,14,-9.6,-5.74,-3.1,4.79,-6.17,8.25,11.2,9.5,6.38,8.85,6.14,5.33,5.9,5.7,6.72,7.14,7.17,5.94
Tonga,1.23,1.23,1.23,1.23,1.23,1.23,1.23,1.23,1.23,1.23,1.23,1.23,1.23,1.23,4.33,3.41,0.702,3.91,0.643,0.868,15.4,14.4,15.9,7.19,2.91,7.31,2.28,2.73,-2.45,-0.315,-2.73,5.7,-0.42,3.07,4.37,2.55,1.1,-2.36,2.4,3.95,3.55,2.86,1.16,2.84,0.805,-2.58,-4.9,-2.79,0.106,0.526,1.21,1.05,0.415,0.737,1.36,1.49,1.49,1.49,1.49,1.49
Trinidad and Tobago,8.85,1.92,2.24,3.14,1.22,3.37,2.91,1.28,4.87,2.77,4.4,0.335,4.31,0.662,4.24,0.716,8,4.56,9.93,2.92,6.28,3.33,-7.09,-9.2,4.44,-5.41,-4.43,-5.49,-4.45,-0.974,1.76,4.01,-0.373,-0.419,4.98,4.74,4.69,4.06,5.43,7.36,5.47,4.99,3.99,13.7,7.28,9.82,12.9,4.33,2.96,-4.5,-0.367,-3,0.915,1.12,1.67,1.68,1.2,1.06,1.06,1.1
Tunisia,10.3,6.93,-3.94,12.8,2.13,4.03,0.0765,-2.96,8.09,1.44,3.8,8.5,15.4,-2.89,5.5,4.39,5.04,0.901,4.17,4.11,4.7,2.92,-2.39,2.77,0.94,3.07,-3.93,4.2,-2.04,1.67,5.86,1.94,5.8,0.347,1.43,0.794,5.54,3.96,3.48,4.87,3.55,3.78,0.627,4.5,4.92,2.97,4.62,5.25,3.47,2.02,2.06,-3.1,2.6,1.38,1.68,3.16,3.16,3.16,3.16,3.16
Turkey,-0.546,-1.52,3.04,6.46,1.37,-0.04,8.82,1.83,4,2.56,2.17,6.24,3.6,1.53,5.06,5.88,5.83,1.69,0.33,-3.23,-3.07,1.49,2.2,0.948,3,2.43,4.33,6.08,1.44,-1.17,6.79,-1.28,3.71,5.78,-7.37,5.12,5.01,5.58,1.26,-6.32,5.6,-8.97,6.22,4.23,7.31,5.83,5.62,3.45,-0.587,-6.09,7.73,7.11,0.895,2.11,1.16,1.97,2.4,2.45,2.48,2.5
Tuvalu,0.934,0.934,0.934,0.934,0.934,0.934,0.934,0.934,0.934,0.934,0.934,1.17,-0.0578,32.5,14.2,-0.891,-0.524,1.57,4.73,1.14,-8.19,-8.25,-20.5,-1.86,5.67,-3.57,-2.29,7.97,8.43,-3.59,13.8,2.44,1.91,3.39,9.57,-5.65,0.246,9.44,9.63,1.64,-13.4,12.5,4.99,5.03,3.53,3.56,,,,,,,,,,,,,,
Taiwan,4.96,3.3,5.83,10.3,10.1,4.83,7.44,8.09,7.6,6.96,7.8,11.9,13.4,9.33,-5.43,4.61,15.7,9.29,10.9,4.76,2.47,4.94,3.03,8.64,8.79,2.68,14.9,9.11,1.92,8.4,5.11,7.65,5.51,5.98,6.08,4.66,5.71,6.05,4.14,3.05,4.12,-3.78,4.09,1.7,3.42,2.2,2.27,2.92,-5.76,-0.0965,7.11,-0.0661,1.08,1.85,2.89,3.64,3.93,4.1,4.19,4.24
Tanzania,1.24,-3.91,6,3.23,2.4,0.557,9.49,0.938,2.06,-1.21,2.6,1.05,3.29,-0.123,-0.817,2.14,4.07,-0.208,-0.123,-1.71,-2.07,-3.98,-1.61,-3.34,-0.489,-3.12,0.249,1.85,1.07,0.446,0.752,-0.726,-2.24,-2.07,-2.19,0.395,2.47,-3,1.13,1,2.5,3.79,4.84,3.42,4.58,4.68,3.82,4.16,4.39,2.96,3.9,3.28,4.44,3.85,4.07,3.88,3.99,3.85,3.74,3.75
Uganda,1.84,-3.8,1.13,8.28,4.51,-0.753,3.13,2.28,-0.475,7.74,-1.4,0.331,-1.39,-2.47,-2.04,-4.48,-1.77,-1.01,-7.87,-13.1,-5.48,1.38,5.36,4.34,-11.4,-1.34,-3.02,2.4,3.09,3.35,0.485,-2.31,-0.292,4.67,2.79,8.97,5.81,2.2,1.73,4.23,1.78,1.74,3.48,1.06,2.36,3.26,6,5.08,4.25,3.67,2.23,3.33,-0.507,2.64,2.96,3.35,3.69,3.75,3.85,3.94
Ukraine,7.53,3.87,1.03,-3.74,11.4,4.39,3.67,3.31,4.81,0.45,6.69,1.65,-0.43,7.38,2.36,-0.238,4.17,1.87,2.05,-0.889,-0.269,0.515,2.04,2.75,0.757,0.422,3.63,0.858,1.74,1.42,-2.64,-8.89,-10.1,-14.2,-22.5,-11.5,-9.23,-2.15,-1.05,0.711,6.94,10.3,6.19,10.3,12.9,3.38,8.21,8.26,2.9,-14.4,4.51,5.6,0.472,0.227,,,,,,
Uruguay,2.07,1.53,-3.54,-0.793,0.796,0.035,2.36,-5.1,0.562,5.14,3.87,-1.04,-3.61,0.594,2.99,5.81,3.46,0.551,4.68,5.6,5.51,1.38,-10,-6.43,-1.68,0.847,8.2,7.28,-0.604,0.621,0.175,2.17,6.66,2.4,4.75,-2.67,4.26,4.22,3.9,-3.37,-1.88,-3.96,-11.5,1.64,11.2,6.08,3.82,6.24,6.85,2.08,8.52,5.32,3.57,3.84,2.43,2.64,2.93,3.27,3.46,3.48
United States,0.873,0.653,4.41,2.83,4.34,5.06,5.33,1.39,3.72,2.13,-0.982,1.82,4.18,4.67,-1.19,-1.25,4.24,3.49,4.59,2.26,-1.13,1.5,-2.82,3.25,6.36,2.95,2.5,2.6,3.26,2.49,0.614,-1.58,1.98,1.52,2.85,1.33,2.54,3.21,3.14,3.63,2.99,0.0842,0.873,1.66,2.52,2.13,1.67,0.948,-1.27,-4.33,1.98,1.11,2.06,1.16,1.98,2.15,2.23,2.1,1.79,1.42
Uzbekistan,7.22,3.87,1.03,-3.74,11.4,4.39,3.67,3.31,4.81,0.45,6.69,1.65,-0.43,7.38,0.0647,-2.48,1.83,-0.415,-0.241,-3.11,-2.51,-1.74,-0.247,0.448,-1.5,-1.83,1.31,-1.41,-0.544,-0.859,-4.83,-2.92,-13.1,-4.23,-6.94,-2.57,0.0679,3.52,2.74,2.75,2.35,2.84,2.54,2.72,5.95,5.24,6.09,7.86,7.47,6.37,6.6,6.07,5.85,6.23,5.73,5.24,4.74,4.25,4.25,4.25
St. Vincent and the Grenadines,3.4,3,2.37,-7.34,2.56,-0.171,-1.03,-10.4,5.45,1.82,9.6,1.87,24.4,-12.1,-9.83,-8.6,9.21,1.78,10.8,2.38,1.13,5.28,4.03,3.66,5.1,5.25,5.7,3.52,13.5,1.52,4.13,-0.162,6.78,-0.472,-3.57,0.432,0.791,12.7,4.64,3.88,1.28,0.0904,3.54,2.61,5.58,2.05,5.54,2.56,-0.604,-2.31,-2.42,0.312,1.42,2.04,2.24,2.82,3.08,3.18,3.18,3.18
Venezuela,-3.52,-4.64,1.37,-0.788,10.6,1.95,-1.75,3.04,3.8,-0.0696,4.33,1,0.732,4.44,4.08,3.88,6.96,3.59,-0.765,-1.81,-5.33,-3.26,-4.92,-9.95,-5.4,-2.44,1.54,5.01,4.72,-8.92,2.91,5.59,4.79,-1.85,-5.91,0.235,-2.11,4.52,-1.49,-7.68,2.04,1.8,-10.4,-9.23,16.8,8.27,8.42,6.97,3.57,-4.75,-3.03,2.6,4.04,-0.577,-2.04,-2.52,-0.55,-0.554,-0.56,-0.557
British Virgin Islands,2.17,2.17,2.17,2.17,2.17,2.17,2.17,2.17,2.17,2.17,2.17,-11.4,-1.49,4.12,8.52,3.56,-0.998,1.34,6.98,10.3,11.8,-2.15,-1.22,1.71,1.11,-3.06,-0.848,9.45,6.37,4.3,32.3,32.2,33.4,35.7,30.8,32.1,8.78,8.07,7.93,7.31,11.5,2.09,-4.92,-8.41,9.14,7.81,0.171,-0.448,0.395,3.23,3.38,1.46,,,,,,,,
Vietnam,0.948,1.61,9.02,-0.33,1.48,-2.08,-2,-15,-4.28,5.69,-0.545,2.59,6.36,4.24,-6.3,-9.38,14,1.08,-1.53,-1.32,-4.76,1.28,5.74,3.15,6.52,3.62,0.585,1.34,3.73,2.04,2.89,3.72,6.68,6.1,6.89,7.71,7.63,6.58,4.33,3.44,5.48,5.64,5.88,6.1,6.66,7.27,6.88,7.18,5.05,4.07,5.52,4.63,4.15,4.33,4.51,4.61,4.7,4.8,4.9,4.9
Vanuatu,1.19,1.19,1.19,1.19,1.19,1.19,1.19,1.19,1.19,1.19,1.19,1.19,1.19,1.19,30.3,-7.59,-1.21,-3.99,14.1,0.916,-13.8,1.53,8.02,18.5,4.42,-1.24,-4.31,-1.92,-1.84,0.823,1.98,8.94,-3.68,1.41,-0.285,2.11,4.9,2.97,2.49,-4.95,0.564,-4.96,-9.54,0.513,2.75,4.09,6.04,2.82,4.07,0.996,-0.637,-0.839,-0.518,-3.38,1.19,2.17,2.17,1.97,1.87,1.68
Wallis et Futuna,1.5,1.5,1.5,1.5,1.5,1.5,1.5,1.5,1.5,1.5,1.5,1.5,1.5,1.5,0.196,0.196,0.196,0.196,0.196,0.196,0.196,0.196,0.196,0.196,0.196,0.196,0.196,0.196,0.196,0.196,0.196,1.65,1.65,1.65,1.65,1.65,1.65,1.65,1.65,1.65,1.65,1.65,5.46,5.46,5.46,5.46,4.59,,,,,,,,,,,,,
Samoa,1.22,1.22,1.22,1.22,1.22,1.22,1.22,1.22,1.22,1.22,1.22,1.22,1.22,1.22,-11.5,-4.59,8.49,-1.47,5.58,12.7,-6.46,-9.27,-1.23,0.248,1.07,3.6,5.09,0.00233,-2,3.05,-5.07,-3,-0.965,3.24,-3.42,5.52,6.14,-0.325,1.24,1.97,6.12,7.22,1.13,2.46,2.69,4.39,1.77,1.39,3.85,-5.46,0.023,1.68,2.59,-0.689,1.25,1.5,1.46,-0.856,0.133,1.6
Yemen,0.484,0.566,0.62,0.884,0.495,0.752,1.11,1.14,0.906,1.2,18.2,14.9,5.7,9.73,3.41,5.16,12.3,7.94,5.52,2.67,-2.2,3.17,-1.14,2.76,0.893,-3.73,-0.915,0.818,0.92,0.0849,-3.43,-3.33,1.09,-0.937,-1.45,7.39,2.65,4.67,1.53,0.41,2.71,0.362,0.437,0.224,0.494,1.11,0.0808,0.244,0.544,0.756,4.57,-13.1,-0.589,1.35,2.02,1.39,0.857,0.951,1.28,1.91
South Africa,1.54,1.68,2.81,4.47,3.88,3.16,1.57,4.01,1.57,3.33,2.51,2.23,-0.629,1.61,2.97,-0.651,-0.0936,-2.63,0.457,1.39,3.73,2.05,-3.5,-4.88,1.8,-4.3,-2.35,-0.383,1.72,-0.202,-3.11,-3.08,-4.07,-0.87,1.44,1.73,2.94,1.31,-0.868,1.06,2.91,1.58,2.54,1.86,3.54,4.27,4.63,4.58,2.75,-2.08,2.77,2.23,1.1,0.531,0.978,1.29,1.78,1.66,1.66,1.67
Zambia,-0.133,-1.55,-2.05,0.323,6.93,9.48,11,13.7,1.13,-11.7,0.314,-1.19,6.21,-4.87,-0.0473,-3.92,-0.603,-6.27,-4.08,-7.04,0.571,-4.02,-0.814,-0.338,-3.71,-3.11,-0.474,-0.329,-1.03,-1.89,-1.98,-4.48,-4.16,4.2,-10.8,-4.97,3.77,0.488,-4.54,-0.48,0.95,2.4,0.949,1.98,3.77,2.75,3.6,3.61,3.23,3.23,4.12,3.54,3.89,2.66,3.87,3.65,3.37,3.21,2.89,2.6
Zimbabwe,0.331,2.8,-1.14,-1.41,0.146,3.94,-3.35,-3.01,-14.9,29.4,18.9,5.16,4.8,-0.474,-0.915,-2.39,-3.96,-9.19,-5.27,0.345,6.67,8.34,-1.32,-2.38,-5.69,2.93,-1.58,-2.44,3.96,1.94,3.92,2.87,-11.1,-1.02,7.15,-1.66,8.44,0.978,1.34,-2.06,-3.98,0.77,-9.28,-17.2,-5.96,-5.84,-3.57,-3.77,-17.9,5.12,8.04,8.22,7.83,1.83,3.11,3.33,3.67,2.98,2.87,2.87